scientific_name,vernacular_name,family,establishment_means,degree_of_establishment,match_key,Risk Rating,growth_form,woodiness,life_history,height_min,height_max,griis_listed,griis_is_invasive,vba100_record_count,vba100_most_recent_year,ala_record_count,ala_most_recent_date,recommendation
Acacia acinacea,Gold-dust Wattle,Fabaceae,native,native,acacia acinacea,Not Assessed / No exact match,shrub,woody,perennial,0.3,2.5,True,False,1.0,2006,16.0,2026-08-24T13:04:57Z,Not Assessed
Acacia aculeatissima,Thin-leaf Wattle | Snake Wattle,Fabaceae,native,native,acacia aculeatissima,Not Assessed / No exact match,shrub,woody,perennial,0.3,1.0,False,False,3.0,2000,4.0,2000-10-12T00:00:00Z,Not Assessed
Acacia baileyana,Cootamundra Wattle,Fabaceae,introduced,naturalised,acacia baileyana,Moderately High Risk,shrub tree,woody,perennial,3.0,10.0,True,False,2.0,2000,12.0,2026-04-25T10:35:33Z,Use Caution
Acacia boormanii,,Fabaceae,native,native,acacia boormanii,Moderately High Risk,shrub,woody,perennial,1.0,4.5,False,False,1.0,2019,3.0,2025-07-22T07:07:46Z,Use Caution
Acacia brownii,Heath Wattle,Fabaceae,native,native,acacia brownii,Not Assessed / No exact match,shrub,woody,perennial,0.3,1.0,False,False,1.0,1770,5.0,2025-09-12T09:48:32Z,Not Assessed
Acacia cultriformis,,Fabaceae,introduced,adventive,acacia cultriformis,Medium Risk,shrub,woody,perennial,4.0,4.0,True,False,0.0,No local records found,1.0,,Use Caution
Acacia dealbata,Silver Wattle,Fabaceae,native,native,acacia dealbata,Medium Risk,shrub tree,woody,perennial,1.5,33.0,True,False,9.0,2024,106.0,2026-07-24T15:46:09Z,Use Caution
Acacia decurrens,Early Black-wattle,Fabaceae,introduced,naturalised,acacia decurrens,High Risk,tree,woody,perennial,2.0,15.0,True,False,2.0,2000,7.0,2025-08-25T13:21:00Z,Reconsider Planting
Acacia elata,Cedar Wattle,Fabaceae,introduced,naturalised,acacia elata,High Risk,tree,woody,perennial,5.0,30.0,True,False,2.0,2013,4.0,2025-01-06T19:12:16Z,Reconsider Planting
Acacia genistifolia,Spreading Wattle,Fabaceae,native,native,acacia genistifolia,Not Assessed / No exact match,shrub,woody,perennial,0.6,3.0,False,False,5.0,1975,20.0,2026-08-15T13:54:59Z,Not Assessed
Acacia genistifolia subsp. genistifolia,,Fabaceae,native,native,acacia genistifolia,Not Assessed / No exact match,shrub,woody,perennial,0.6,3.0,False,False,5.0,1975,20.0,2026-08-15T13:54:59Z,Not Assessed
Acacia howittii,Sticky Wattle,Fabaceae,native,native,acacia howittii,High Risk,shrub tree,woody,perennial,3.0,9.0,True,False,1.0,1985,1.0,1985-11-28T00:00:00Z,Reconsider Planting
Acacia implexa,Lightwood | Hickory Wattle,Fabaceae,native,native,acacia implexa,Not Assessed / No exact match,tree,woody,perennial,3.0,15.0,False,False,3.0,2006,25.0,2026-04-24T08:05:08Z,Not Assessed
Acacia iteaphylla,Flinders Range Wattle | Willow-leaved Wattle,Fabaceae,introduced,naturalised,acacia iteaphylla,Moderately High Risk,shrub,woody,perennial,2.0,5.0,True,False,0.0,No local records found,4.0,2025-04-08T12:32:45Z,Use Caution
Acacia leprosa,Cinnamon Wattle,Fabaceae,native,native,acacia leprosa,Not Assessed / No exact match,shrub,woody,perennial,1.0,12.0,False,False,0.0,No local records found,0.0,No local records found,Not Assessed
Acacia leprosa var. uninervia,,Fabaceae,native,native,acacia leprosa,Not Assessed / No exact match,shrub,woody,perennial,1.0,12.0,False,False,0.0,No local records found,0.0,No local records found,Not Assessed
Acacia longifolia,,Fabaceae,native,native,acacia longifolia,Very High Risk,shrub tree,woody,perennial,0.2,10.0,True,False,4.0,2009,22.0,2026-08-21T15:32:51Z,Reconsider Planting
Acacia longifolia subsp. longifolia,,Fabaceae,native,native,acacia longifolia,Very High Risk,shrub tree,woody,perennial,0.2,10.0,True,False,4.0,2009,22.0,2026-08-21T15:32:51Z,Reconsider Planting
Acacia longifolia subsp. sophorae,,Fabaceae,native,native,acacia longifolia,Very High Risk,shrub tree,woody,perennial,0.2,10.0,True,False,4.0,2009,22.0,2026-08-21T15:32:51Z,Reconsider Planting
Acacia mearnsii,Black Wattle,Fabaceae,native,native,acacia mearnsii,Not Assessed / No exact match,tree,woody,perennial,3.0,25.0,False,False,18.0,2024,88.0,2026-08-21T16:38:16Z,Not Assessed
Acacia melanoxylon,Blackwood | Mudgerabah | Hickory | Sally Wattle | Blackwood,Fabaceae,native,native,acacia melanoxylon,Not Assessed / No exact match,tree,woody,perennial,1.5,45.0,False,False,17.0,2024,117.0,2026-08-15T13:43:41Z,Not Assessed
Acacia myrtifolia,Myrtle Wattle,Fabaceae,native,native,acacia myrtifolia,Medium Risk,shrub,woody,perennial,0.3,3.0,False,False,1.0,1980,46.0,2026-08-15T13:55:25Z,Use Caution
Acacia oxycedrus,Spike Wattle,Fabaceae,native,native,acacia oxycedrus,Not Assessed / No exact match,shrub,woody,perennial,1.0,10.0,False,False,2.0,1903,10.0,2026-06-01T08:03:20Z,Not Assessed
Acacia paradoxa,Hedge Wattle | Kangaroo Thorn | Prickly Wattle,Fabaceae,native,native,acacia paradoxa,Not Assessed / No exact match,shrub,woody,perennial,1.0,5.0,True,False,14.0,2010,123.0,2026-08-23T10:46:00Z,Not Assessed
Acacia pravissima,Ovens Wattle | Wedge-leaf Wattle,Fabaceae,native,native,acacia pravissima,High Risk,shrub tree,woody,perennial,1.0,8.0,True,False,3.0,2009,8.0,2026-09-03T07:35:41Z,Reconsider Planting
Acacia provincialis,Wirilda,Fabaceae,native,native,acacia provincialis,Very High Risk,shrub tree,woody,perennial,5.0,10.0,True,False,3.0,2006,3.0,2006-10-10T00:00:00Z,Reconsider Planting
Acacia pycnantha,Golden Wattle,Fabaceae,native,native,acacia pycnantha,Medium Risk,shrub tree,woody,perennial,2.0,10.0,True,False,6.0,2022,41.0,2026-09-01T18:00:38Z,Use Caution
Acacia siculiformis,Dagger Wattle,Fabaceae,native,native,acacia siculiformis,Not Assessed / No exact match,shrub,woody,perennial,0.5,3.000000001,False,False,0.0,No local records found,1.0,1894-12-05T00:00:00Z,Not Assessed
Acacia stricta,Hop Wattle,Fabaceae,native,native,acacia stricta,Not Assessed / No exact match,shrub,woody,perennial,1.0,6.0,False,False,3.0,2009,8.0,2023-08-08T00:00:00Z,Not Assessed
Acacia suaveolens,Sweet Wattle,Fabaceae,native,native,acacia suaveolens,Not Assessed / No exact match,shrub,woody,perennial,0.3,3.0,False,False,0.0,No local records found,1.0,2012-08-29T11:50:00Z,Not Assessed
Acacia ulicifolia,Juniper Wattle,Fabaceae,native,native,acacia ulicifolia,Not Assessed / No exact match,shrub,woody,perennial,0.5,2.19,False,False,0.0,No local records found,4.0,2025-09-11T11:14:03Z,Not Assessed
Acacia verticillata,Prickly Moses,Fabaceae,native,native,acacia verticillata,Not Assessed / No exact match,shrub,woody,perennial,1.0,10.0,False,False,5.0,2006,68.0,2026-08-30T15:27:16Z,Not Assessed
Acacia verticillata subsp. cephalantha,,Fabaceae,native,native,acacia verticillata,Not Assessed / No exact match,shrub,woody,perennial,1.0,10.0,False,False,5.0,2006,68.0,2026-08-30T15:27:16Z,Not Assessed
Acacia verticillata subsp. verticillata,,Fabaceae,native,native,acacia verticillata,Not Assessed / No exact match,shrub,woody,perennial,1.0,10.0,False,False,5.0,2006,68.0,2026-08-30T15:27:16Z,Not Assessed
Acaena echinata,Sheep's Burr,Rosaceae,native,native,acaena echinata,Not Assessed / No exact match,herb,herbaceous,perennial,0.07,0.45,True,False,3.0,2009,5.0,2023-07-13T00:00:00Z,Not Assessed
Acaena novae-zelandiae,Bidgee-widgee,Rosaceae,native,native,acaena novae-zelandiae,Not Assessed / No exact match,herb,herbaceous,perennial,0.05,0.2,True,False,6.0,2009,63.0,2026-04-24T08:15:13Z,Not Assessed
Acaena ×ovina,Sheep's Burr,Rosaceae,native,native,acaena ovina,Not Assessed / No exact match,herb,,,,,False,False,0.0,No local records found,0.0,No local records found,Not Assessed
Acanthus mollis,Bear's Breech,Acanthaceae,introduced,naturalised,acanthus mollis,High Risk,herb,woody,perennial,0.5,0.5,True,False,1.0,2000,4.0,2025-04-02T12:29:12Z,Reconsider Planting
Acer negundo,Box Elder,Sapindaceae,introduced,naturalised,acer negundo,Very High Risk,tree,woody,perennial,8.0,20.0,True,False,0.0,No local records found,55.0,2023-03-17T11:34:05Z,Reconsider Planting
Acetosella vulgaris,Sheep Sorrel,Polygonaceae,introduced,naturalised,acetosella vulgaris,Moderately High Risk,,,,,,True,False,4.0,2022,0.0,No local records found,Use Caution
Achrophyllum dentatum,,Daltoniaceae,native,native,achrophyllum dentatum,Not Assessed / No exact match,,,,,,False,False,1.0,1886,1.0,1886-07-12T00:00:00Z,Not Assessed
Acianthus pusillus,Small Mosquito Orchid,Orchidaceae,native,native,acianthus pusillus,Not Assessed / No exact match,herb,herbaceous,perennial,0.03,0.18,False,False,3.0,1925,4.0,2023-05-21T16:31:00Z,Not Assessed
Acrocladium chlamydophyllum,,Acrocladiaceae,native,native,acrocladium chlamydophyllum,Not Assessed / No exact match,,,,,,False,False,1.0,1886,1.0,1886-09-14T00:00:00Z,Not Assessed
Acrotriche serrulata,Honey-pots,Ericaceae,native,native,acrotriche serrulata,Not Assessed / No exact match,shrub,woody,perennial,0.3,0.38,False,False,6.0,1980,13.0,2025-09-17T11:35:19Z,Not Assessed
Adiantum aethiopicum,Common Maidenhair,Pteridaceae,native,native,adiantum aethiopicum,Not Assessed / No exact match,fern,herbaceous,perennial,0.1,0.5,False,False,3.0,1987,26.0,2026-07-16T14:30:28Z,Not Assessed
Agapanthus praecox,,Amaryllidaceae,introduced,Not available,agapanthus praecox,Very High Risk,herb,herbaceous,perennial,1.0,1.0,True,False,3.0,2009,4.0,2025-08-10T12:10:00Z,Reconsider Planting
Agapanthus praecox subsp. orientalis,Agapanthus,Amaryllidaceae,introduced,naturalised,agapanthus praecox,Very High Risk,herb,herbaceous,perennial,1.0,1.0,True,False,3.0,2009,4.0,2025-08-10T12:10:00Z,Reconsider Planting
Agrostis capillaris,Brown-top Bent,Poaceae,introduced,Not available,agrostis capillaris,High Risk,graminoid herb,herbaceous,perennial,0.2,0.5,True,False,12.0,2010,19.0,2023-08-08T00:00:00Z,Reconsider Planting
Agrostis capillaris var. capillaris,,Poaceae,introduced,naturalised,agrostis capillaris,High Risk,graminoid herb,herbaceous,perennial,0.2,0.5,True,False,12.0,2010,19.0,2023-08-08T00:00:00Z,Reconsider Planting
Agrostis stolonifera,Creeping Bent,Poaceae,introduced,naturalised,agrostis stolonifera,High Risk,graminoid herb,herbaceous,perennial,0.08,0.4,True,False,0.0,No local records found,2.0,1994-03-02T00:00:00Z,Reconsider Planting
Aira elegantissima,,Poaceae,introduced,naturalised,aira elegantissima,Moderately High Risk,graminoid herb,herbaceous,annual,0.06,0.5,True,False,0.0,No local records found,1.0,1986-11-01T00:00:00Z,Use Caution
Aizoon pubescens,Galenia,Aizoaceae,introduced,naturalised,aizoon pubescens,Moderately High Risk,herb,herbaceous,perennial,0.1,0.6,True,False,1.0,2010,5.0,2026-01-22T09:12:23Z,Use Caution
Alisma plantago-aquatica,Water Plantain,Alismataceae,native,native,alisma plantago-aquatica,Not Assessed / No exact match,herb,herbaceous,annual perennial short_lived_perennial,1.0,1.5,True,False,5.0,2007,22.0,2026-08-07T15:40:07Z,Not Assessed
Allittia cardiocarpa,Swamp Daisy,Asteraceae,native,native,allittia cardiocarpa,Not Assessed / No exact match,herb,herbaceous,perennial,0.3,0.45,False,False,1.0,1903,1.0,1903-07-30T00:00:00Z,Not Assessed
Allium triquetrum,Three-corner Garlic,Amaryllidaceae,introduced,naturalised,allium triquetrum,High Risk,herb,herbaceous,perennial,0.3,0.4,True,False,8.0,2024,120.0,2026-08-16T17:56:19Z,Reconsider Planting
Allocasuarina littoralis,Black Sheoak,Casuarinaceae,native,native,allocasuarina littoralis,Not Assessed / No exact match,tree,woody,perennial,5.0,15.0,False,False,10.0,2006,37.0,2026-07-11T10:47:43Z,Not Assessed
Allocasuarina paludosa,Scrub Sheoak,Casuarinaceae,native,native,allocasuarina paludosa,Not Assessed / No exact match,shrub,woody,perennial,0.3,4.0,False,False,1.0,1898,1.0,,Not Assessed
Allocasuarina paradoxa,,Casuarinaceae,native,native,allocasuarina paradoxa,Not Assessed / No exact match,shrub,woody,perennial,0.5,2.0,False,False,2.0,1933,10.0,1933-04-01T00:00:00Z,Not Assessed
Allocasuarina pusilla,Dwarf Sheoak,Casuarinaceae,native,native,allocasuarina pusilla,Not Assessed / No exact match,shrub,woody,perennial,0.2,2.0,False,False,0.0,No local records found,1.0,,Not Assessed
Allocasuarina verticillata,Drooping Sheoak,Casuarinaceae,native,native,allocasuarina verticillata,Not Assessed / No exact match,tree,woody,perennial,4.0,11.0,False,False,1.0,2009,6.0,2024-09-23T16:54:46Z,Not Assessed
Alopecurus pratensis,Meadow Fox-tail,Poaceae,introduced,naturalised,alopecurus pratensis,High Risk,graminoid herb,herbaceous,perennial,0.3,1.0,True,False,1.0,1985,3.0,2025-10-25T16:58:07Z,Reconsider Planting
Alternanthera denticulata,Lesser Joyweed,Amaranthaceae,native,native,alternanthera denticulata,Not Assessed / No exact match,herb,herbaceous,annual perennial short_lived_perennial,0.4,0.9,False,False,2.0,2002,6.0,2026-08-06T21:13:14Z,Not Assessed
Alternanthera philoxeroides,Alligator Weed,Amaranthaceae,introduced,naturalised,alternanthera philoxeroides,Very High Risk,herb,herbaceous,perennial,0.5,0.5,True,False,0.0,No local records found,79.0,2004-05-20T00:00:00Z,Reconsider Planting
Amelichloa caudata,,Poaceae,introduced,naturalised,amelichloa caudata,Very High Risk,graminoid herb,herbaceous,perennial,0.8,1.0,True,False,1.0,1999,1.0,1999-11-22T00:00:00Z,Reconsider Planting
Amperea xiphoclada,,Euphorbiaceae,native,native,amperea xiphoclada,Not Assessed / No exact match,shrub,herbaceous,perennial,0.2,1.0,False,False,6.0,2006,15.0,2026-03-30T09:36:53Z,Not Assessed
Amperea xiphoclada var. xiphoclada,Broom Spurge,Euphorbiaceae,native,native,amperea xiphoclada,Not Assessed / No exact match,shrub,herbaceous,perennial,0.2,1.0,False,False,6.0,2006,15.0,2026-03-30T09:36:53Z,Not Assessed
Amphibromus archeri,Pointed Swamp Wallaby-grass,Poaceae,native,native,amphibromus archeri,Not Assessed / No exact match,tussock,herbaceous,perennial,0.3,1.2,False,False,1.0,1987,1.0,1987-02-01T00:00:00Z,Not Assessed
Amphibromus nervosus,Common Swamp Wallaby-grass,Poaceae,native,native,amphibromus nervosus,Not Assessed / No exact match,graminoid herb,herbaceous,perennial,0.25,1.5,True,False,2.0,1985,5.0,1994-03-02T00:00:00Z,Not Assessed
Amyema miquelii,Box Mistletoe,Loranthaceae,native,native,amyema miquelii,Not Assessed / No exact match,shrub,woody,perennial,3.0,5.0,True,False,1.0,1968,1.0,1968-09-26T00:00:00Z,Not Assessed
Amyema miraculosa,Fleshy Mistletoe,Loranthaceae,native,native,amyema miraculosa,Not Assessed / No exact match,shrub,woody,perennial,,,False,False,0.0,No local records found,1.0,,Not Assessed
Amyema pendula,Drooping Mistletoe,Loranthaceae,native,native,amyema pendula,Not Assessed / No exact match,shrub,woody,perennial,3.0,25.0,True,False,3.0,1969,18.0,2023-11-16T14:49:58Z,Not Assessed
Amyema pendula subsp. pendula,Drooping Mistletoe,Loranthaceae,native,native,amyema pendula,Not Assessed / No exact match,shrub,woody,perennial,3.0,25.0,True,False,3.0,1969,18.0,2023-11-16T14:49:58Z,Not Assessed
Angianthus preissianus,Salt Angianthus,Asteraceae,native,native,angianthus preissianus,Not Assessed / No exact match,herb,herbaceous,annual,0.01,0.3,False,False,0.0,No local records found,0.0,No local records found,Not Assessed
Anredera cordifolia,Madeira Vine | Jalap,Basellaceae,introduced,naturalised,anredera cordifolia,High Risk,climber_herbaceous,herbaceous,perennial,6.0,6.0,True,False,0.0,No local records found,3.0,2022-04-10T00:00:00Z,Reconsider Planting
Anthosachne scabra,Common Wheat-grass,Poaceae,native,native,anthosachne scabra,Not Assessed / No exact match,tussock,herbaceous,perennial,0.35,1.5,False,False,1.0,2013,4.0,2023-07-13T00:00:00Z,Not Assessed
Anthoxanthum odoratum,Sweet Vernal-grass,Poaceae,introduced,naturalised,anthoxanthum odoratum,High Risk,graminoid herb,herbaceous,perennial,0.1,1.0,True,False,12.0,2009,43.0,2026-08-03T10:15:38Z,Reconsider Planting
Aotus ericoides,Common Aotus,Fabaceae,native,native,aotus ericoides,Not Assessed / No exact match,shrub,woody,perennial,1.0,2.0,False,False,2.0,1985,13.0,2026-04-15T10:51:11Z,Not Assessed
Aphelia gracilis,Slender Aphelia,Restionaceae,native,native,aphelia gracilis,Not Assessed / No exact match,graminoid herb,herbaceous,annual,0.02,0.05,False,False,0.0,No local records found,9.0,1983-11-20T00:00:00Z,Not Assessed
Aphelia pumilio,Dwarf Aphelia,Restionaceae,native,native,aphelia pumilio,Not Assessed / No exact match,graminoid,herbaceous,annual,0.03,0.03,False,False,0.0,No local records found,1.0,1889-10-24T00:00:00Z,Not Assessed
Arbutus unedo,Irish Strawberry Tree,Ericaceae,introduced,naturalised,arbutus unedo,High Risk,shrub tree,woody,perennial,1.5,10.0,True,False,0.0,No local records found,1.0,1985-05-01T00:00:00Z,Reconsider Planting
Arctotheca calendula,Capeweed,Asteraceae,introduced,naturalised,arctotheca calendula,Medium Risk,herb,herbaceous,annual,0.03,0.3,True,False,10.0,2019,55.0,2026-07-15T12:17:58Z,Use Caution
Arthropodium fimbriatum,Nodding Chocolate-lily,Asparagaceae,native,native,arthropodium fimbriatum,Not Assessed / No exact match,herb,herbaceous,perennial,0.094,1.0,False,False,3.0,1975,3.0,1975-10-23T00:00:00Z,Not Assessed
Arthropodium milleflorum,Pale Vanilla-lily,Asparagaceae,native,native,arthropodium milleflorum,Not Assessed / No exact match,herb,herbaceous,perennial,0.2,1.3,False,False,1.0,1980,2.0,2024-02-09T11:37:16Z,Not Assessed
Arthropodium strictum,Chocolate Lily,Asparagaceae,native,native,arthropodium strictum,Not Assessed / No exact match,herb,herbaceous,perennial,0.1336,1.2,False,False,6.0,2009,42.0,2026-04-27T11:56:27Z,Not Assessed
Asparagus asparagoides,,Asparagaceae,introduced,naturalised,asparagus asparagoides,High Risk,climber_herbaceous,herbaceous,perennial,1.0,5.0,True,False,1.0,2024,10.0,2025-08-25T13:45:00Z,Reconsider Planting
Atriplex cinerea,Coast Saltbush,Chenopodiaceae,native,native,atriplex cinerea,Not Assessed / No exact match,shrub,woody,perennial,0.2,2.0,False,False,0.0,No local records found,0.0,No local records found,Not Assessed
Atriplex prostrata,Orache,Chenopodiaceae,introduced,naturalised,atriplex prostrata,High Risk,herb,herbaceous,annual,0.1,1.0,True,False,0.0,No local records found,3.0,2024-03-26T08:19:08Z,Reconsider Planting
Austrostipa mollis,,Poaceae,native,native,austrostipa mollis,Not Assessed / No exact match,tussock,herbaceous,perennial,0.15,1.5,False,False,3.0,1989,5.0,2023-07-13T00:00:00Z,Not Assessed
Austrostipa pubinodis,,Poaceae,native,native,austrostipa pubinodis,Not Assessed / No exact match,tussock,herbaceous,perennial,0.6,1.5,False,False,2.0,1989,10.0,2023-07-13T00:00:00Z,Not Assessed
Austrostipa rudis,,Poaceae,native,native,austrostipa rudis,Not Assessed / No exact match,tussock,herbaceous,perennial,0.4,1.3,False,False,4.0,2009,21.0,2023-08-08T00:00:00Z,Not Assessed
Austrostipa rudis subsp. rudis,,Poaceae,native,native,austrostipa rudis,Not Assessed / No exact match,tussock,herbaceous,perennial,0.4,1.3,False,False,4.0,2009,21.0,2023-08-08T00:00:00Z,Not Assessed
Austrostipa scabra,,Poaceae,native,native,austrostipa scabra,Not Assessed / No exact match,graminoid herb,herbaceous,perennial,0.3,0.95,False,False,1.0,2006,1.0,2006-10-10T00:00:00Z,Not Assessed
Austrostipa scabra subsp. scabra,,Poaceae,native,native,austrostipa scabra,Not Assessed / No exact match,graminoid herb,herbaceous,perennial,0.3,0.95,False,False,1.0,2006,1.0,2006-10-10T00:00:00Z,Not Assessed
Austrostipa stipoides,,Poaceae,native,native,austrostipa stipoides,Not Assessed / No exact match,tussock,herbaceous,perennial,0.3,1.2,False,False,0.0,No local records found,0.0,No local records found,Not Assessed
Avena fatua,Wild Oat,Poaceae,introduced,naturalised,avena fatua,High Risk,graminoid herb,herbaceous,annual,0.6,1.96,True,False,3.0,2009,6.0,2025-06-20T00:00:00Z,Reconsider Planting
Avena sterilis,Sterile Oat,Poaceae,introduced,naturalised,avena sterilis,Moderately High Risk,graminoid herb,herbaceous,annual,0.45,1.8,True,False,0.0,No local records found,1.0,1986-12-09T00:00:00Z,Use Caution
Azolla rubra,,Salviniaceae,native,native,azolla rubra,Not Assessed / No exact match,fern,herbaceous,perennial,0.015,0.2,False,False,2.0,1975,4.0,2020-06-29T13:40:00Z,Not Assessed
Banksia integrifolia,,Proteaceae,native,native,banksia integrifolia,Not Assessed / No exact match,tree,woody,perennial,5.0,30.0,False,False,1.0,1975,9.0,2026-03-16T13:26:08Z,Not Assessed
Banksia integrifolia subsp. integrifolia,,Proteaceae,native,native,banksia integrifolia,Not Assessed / No exact match,tree,woody,perennial,5.0,30.0,False,False,1.0,1975,9.0,2026-03-16T13:26:08Z,Not Assessed
Banksia marginata,Silver Banksia | Warrock,Proteaceae,native,native,banksia marginata,Not Assessed / No exact match,shrub,woody,perennial,0.3,12.0,False,False,4.0,2020,89.0,2026-08-21T13:59:26Z,Not Assessed
Bellis perennis,English Daisy,Asteraceae,introduced,naturalised,bellis perennis,Medium Risk,herb,herbaceous,perennial,,,True,False,4.0,2006,50.0,2026-04-25T09:14:36Z,Use Caution
Berula erecta,Water Parsnip,Apiaceae,uncertain,Not available,berula erecta,Lower Risk,herb,herbaceous,perennial,0.3,1.0,True,False,0.0,No local records found,1.0,2005-01-19T00:00:00Z,Lower Concern
Bidens pilosa,Cobbler's-pegs,Asteraceae,introduced,naturalised,bidens pilosa,Lower Risk,herb,herbaceous,annual,0.2,1.5,True,False,0.0,No local records found,3.0,2025-07-24T13:12:17Z,Lower Concern
Bidens pilosa var. minor,,Asteraceae,introduced,naturalised,bidens pilosa,Lower Risk,herb,herbaceous,annual,0.2,1.5,True,False,0.0,No local records found,3.0,2025-07-24T13:12:17Z,Lower Concern
Billardiera mutabilis,,Pittosporaceae,native,native,billardiera mutabilis,Not Assessed / No exact match,shrub,woody,perennial,2.5,2.5,False,False,2.0,2009,12.0,2025-10-27T16:13:01Z,Not Assessed
Billardiera scandens,Common Apple-berry,Pittosporaceae,native,native,billardiera scandens,Not Assessed / No exact match,climber,woody,perennial,0.5,3.0,False,False,5.0,2000,8.0,2000-10-12T00:00:00Z,Not Assessed
Boronia parviflora,Swamp Boronia,Rutaceae,native,native,boronia parviflora,Not Assessed / No exact match,shrub,woody,perennial,0.1,1.0,False,False,5.0,1911,11.0,1911-10-13T00:00:00Z,Not Assessed
Bossiaea cinerea,Showy Bossiaea,Fabaceae,native,native,bossiaea cinerea,Not Assessed / No exact match,shrub,woody,perennial,0.3,3.0,False,False,2.0,1990,32.0,2026-06-24T12:14:05Z,Not Assessed
Bossiaea prostrata,Creeping Bossiaea,Fabaceae,native,native,bossiaea prostrata,Not Assessed / No exact match,subshrub,woody,perennial,0.1,1.5,False,False,7.0,2006,18.0,2026-08-21T14:50:21Z,Not Assessed
Bothriochloa macra,Red-leg Grass,Poaceae,native,native,bothriochloa macra,Not Assessed / No exact match,graminoid herb,herbaceous,perennial,0.79,1.0,True,False,0.0,No local records found,0.0,No local records found,Not Assessed
Brachyscome diversifolia,Tall Daisy,Asteraceae,native,native,brachyscome diversifolia,Not Assessed / No exact match,herb,herbaceous,annual perennial,0.45,0.5,False,False,0.0,No local records found,0.0,No local records found,Not Assessed
Brachyscome parvula,Coast Daisy,Asteraceae,native,native,brachyscome parvula,Not Assessed / No exact match,herb,herbaceous,annual perennial,0.4,0.45,False,False,1.0,1899,4.0,1899-02-09T00:00:00Z,Not Assessed
Brachyscome perpusilla,Tiny Daisy,Asteraceae,native,native,brachyscome perpusilla,Not Assessed / No exact match,herb,herbaceous,annual,0.023,0.23,False,False,1.0,1987,1.0,1987-02-01T00:00:00Z,Not Assessed
Brassica fruticulosa,Twiggy Turnip,Brassicaceae,introduced,naturalised,brassica fruticulosa,High Risk,herb,herbaceous,biennial perennial,0.5,0.5,True,False,2.0,2010,8.0,2026-04-25T09:33:35Z,Reconsider Planting
Briza maxima,Large Quaking Grass | Shelly Grass,Poaceae,introduced,naturalised,briza maxima,Moderately High Risk,graminoid herb,herbaceous,annual,0.2,0.65,True,False,8.0,2009,37.0,2026-03-18T14:30:05Z,Use Caution
Briza minor,Lesser Quaking Grass | Shivery Grass,Poaceae,introduced,naturalised,briza minor,Moderately High Risk,graminoid herb,herbaceous,annual,0.1,0.6,True,False,6.0,2006,12.0,2024-09-23T16:34:44Z,Use Caution
Bromus catharticus,Prairie Grass,Poaceae,introduced,Not available,bromus catharticus,High Risk,graminoid herb,herbaceous,annual short_lived_perennial,0.3,1.2,True,False,11.0,2010,37.0,2023-06-11T00:00:00Z,Reconsider Planting
Bromus diandrus,Great Brome,Poaceae,introduced,naturalised,bromus diandrus,Medium Risk,graminoid herb,herbaceous,annual,0.15,1.51,True,False,3.0,2009,7.0,2025-10-06T07:56:20Z,Use Caution
Bromus hordeaceus,Soft Brome,Poaceae,introduced,naturalised,bromus hordeaceus,Medium Risk,graminoid herb,herbaceous,annual,0.1,1.0,True,False,3.0,2009,6.0,2009-07-16T00:00:00Z,Use Caution
Brunonia australis,Blue Pincushion,Goodeniaceae,native,native,brunonia australis,Not Assessed / No exact match,herb,herbaceous,perennial,0.028909082,0.5,False,False,3.0,2000,5.0,2023-12-29T12:21:49Z,Not Assessed
Bryum argenteum,,Bryaceae,uncertain,Not available,bryum argenteum,Not Assessed / No exact match,,,,,,False,False,0.0,No local records found,1.0,2012-10-13T00:00:00Z,Not Assessed
Bulbine bulbosa,Bulbine Lily | Pike,Asphodelaceae,native,native,bulbine bulbosa,Not Assessed / No exact match,herb,herbaceous,perennial,0.1328,0.75,False,False,2.0,2007,39.0,2026-04-24T08:08:19Z,Not Assessed
Burchardia umbellata,Milkmaids | Popoto,Colchicaceae,native,native,burchardia umbellata,Not Assessed / No exact match,herb,herbaceous,perennial,0.1,0.8,False,False,8.0,2000,28.0,2025-10-24T16:42:36Z,Not Assessed
Burnettia cuneata,Burnettia | Lizard Orchid,Orchidaceae,native,native,burnettia cuneata,Not Assessed / No exact match,herb,herbaceous,perennial,0.05,0.13,False,False,1.0,1887,0.0,No local records found,Not Assessed
Bursaria spinosa,Kurwan | Tupy | Sweet Bursaria | Native Box,Pittosporaceae,native,native,bursaria spinosa,Not Assessed / No exact match,shrub,woody,perennial,0.5,12.0,True,False,15.0,2024,149.0,2026-08-20T11:51:59Z,Not Assessed
Bursaria spinosa subsp. spinosa,,Pittosporaceae,native,native,bursaria spinosa,Not Assessed / No exact match,shrub,woody,perennial,0.5,12.0,True,False,15.0,2024,149.0,2026-08-20T11:51:59Z,Not Assessed
Caesia calliantha,Blue Grass-lily,Asphodelaceae,native,native,caesia calliantha,Not Assessed / No exact match,herb,herbaceous,perennial,0.054,0.7,False,False,0.0,No local records found,2.0,1991-11-29T00:00:00Z,Not Assessed
Caesia parviflora,Pale Grass-lily,Asphodelaceae,native,native,caesia parviflora,Not Assessed / No exact match,herb,herbaceous,perennial,0.2,0.75,False,False,2.0,1989,11.0,2025-12-08T13:13:41Z,Not Assessed
Caesia parviflora var. minor,,Asphodelaceae,native,native,caesia parviflora,Not Assessed / No exact match,herb,herbaceous,perennial,0.2,0.75,False,False,2.0,1989,11.0,2025-12-08T13:13:41Z,Not Assessed
Caesia parviflora var. parviflora,,Asphodelaceae,native,native,caesia parviflora,Not Assessed / No exact match,herb,herbaceous,perennial,0.2,0.75,False,False,2.0,1989,11.0,2025-12-08T13:13:41Z,Not Assessed
Caladenia australis,Southern Spider-orchid,Orchidaceae,native,native,caladenia australis,Not Assessed / No exact match,herb,herbaceous,perennial,0.12,0.3,False,False,1.0,1943,1.0,1943-10-21T00:00:00Z,Not Assessed
Caladenia oenochila,,Orchidaceae,native,native,caladenia oenochila,Not Assessed / No exact match,herb,herbaceous,perennial,0.15,0.4,False,False,1.0,1890,4.0,,Not Assessed
Caladenia parva,Green-comb Spider-orchid,Orchidaceae,native,native,caladenia parva,Not Assessed / No exact match,herb,herbaceous,perennial,0.05,0.15,False,False,1.0,1890,1.0,,Not Assessed
Caladenia robinsonii,,Orchidaceae,native,native,caladenia robinsonii,Not Assessed / No exact match,herb,herbaceous,perennial,0.11,0.3,False,False,0.0,No local records found,1.0,,Not Assessed
Caladenia venusta,White Spider-orchid,Orchidaceae,native,native,caladenia venusta,Not Assessed / No exact match,herb,herbaceous,perennial,0.2,0.6,False,False,3.0,1941,3.0,1941-11-12T00:00:00Z,Not Assessed
Caleana major,Large Duck-orchid | Flying Ducks,Orchidaceae,native,native,caleana major,Not Assessed / No exact match,herb,herbaceous,perennial,0.13,0.5,False,False,3.0,1907,3.0,1907-11-19T00:00:00Z,Not Assessed
Callitriche stagnalis,Common Water-starwort,Plantaginaceae,introduced,naturalised,callitriche stagnalis,Moderately High Risk,herb,herbaceous,annual,0.1,0.1,True,False,5.0,2007,16.0,2021-10-10T14:35:00Z,Use Caution
Calochilus paludosus,Red Beard-orchid,Orchidaceae,native,native,calochilus paludosus,Not Assessed / No exact match,herb,herbaceous,perennial,0.24,0.6,False,False,1.0,1889,2.0,,Not Assessed
Calystegia sepium,Large Bindweed,Convolvulaceae,native,native,calystegia sepium,Not Assessed / No exact match,herb,herbaceous,perennial,4.0,4.0,False,False,1.0,1986,3.0,2026-04-25T10:10:01Z,Not Assessed
Calystegia sepium subsp. roseata,,Convolvulaceae,native,native,calystegia sepium,Not Assessed / No exact match,herb,herbaceous,perennial,4.0,4.0,False,False,1.0,1986,3.0,2026-04-25T10:10:01Z,Not Assessed
Calystegia silvatica,Greater Bindweed,Convolvulaceae,introduced,Not available,calystegia silvatica,Moderately High Risk,herb,herbaceous,perennial,,,True,False,0.0,No local records found,3.0,2022-04-20T00:00:00Z,Use Caution
Calystegia silvatica subsp. silvatica,,Convolvulaceae,introduced,naturalised,calystegia silvatica,Moderately High Risk,herb,herbaceous,perennial,,,True,False,0.0,No local records found,3.0,2022-04-20T00:00:00Z,Use Caution
Campylopus appressifolius,,Leucobryaceae,native,native,campylopus appressifolius,Not Assessed / No exact match,,,,,,False,False,0.0,No local records found,1.0,1952-03-08T00:00:00Z,Not Assessed
Campylopus introflexus,,Leucobryaceae,native,native,campylopus introflexus,Not Assessed / No exact match,,,,,,False,False,0.0,No local records found,8.0,2025-03-06T17:16:21Z,Not Assessed
Campylopus kirkii,,Leucobryaceae,native,native,campylopus kirkii,Not Assessed / No exact match,,,,,,False,False,0.0,No local records found,1.0,1895-08-10T00:00:00Z,Not Assessed
Cardamine hirsuta,Common Bitter-cress,Brassicaceae,introduced,naturalised,cardamine hirsuta,Medium Risk,herb,herbaceous,annual,0.1,0.35,True,False,2.0,2007,6.0,2024-08-26T12:12:07Z,Use Caution
Cardamine moirensis,,Brassicaceae,native,native,cardamine moirensis,Not Assessed / No exact match,herb,herbaceous,annual,0.3,0.3,False,False,0.0,No local records found,1.0,1912-08-10T00:00:00Z,Not Assessed
Carduus pycnocephalus,Slender Thistle,Asteraceae,introduced,naturalised,carduus pycnocephalus,Moderately High Risk,herb,herbaceous,annual,0.2,1.2,True,False,0.0,No local records found,1.0,,Use Caution
Carex appressa,Tall Sedge,Cyperaceae,native,native,carex appressa,Not Assessed / No exact match,herb,herbaceous,perennial,0.45,2.0,False,False,8.0,2024,27.0,2026-05-20T16:05:20Z,Not Assessed
Carex breviculmis,Short-stem Sedge,Cyperaceae,native,native,carex breviculmis,Not Assessed / No exact match,herb,herbaceous,perennial,0.1119,1.0,False,False,6.0,2000,7.0,2000-10-12T00:00:00Z,Not Assessed
Carex fascicularis,Tassel Sedge,Cyperaceae,native,native,carex fascicularis,Not Assessed / No exact match,graminoid herb,herbaceous,perennial,0.5,1.5,False,False,0.0,No local records found,4.0,2025-10-24T16:56:05Z,Not Assessed
Carex gaudichaudiana,Fen Sedge,Cyperaceae,native,native,carex gaudichaudiana,Not Assessed / No exact match,graminoid,herbaceous,perennial,0.4,1.009,False,False,0.0,No local records found,3.0,1994-03-02T00:00:00Z,Not Assessed
Carex inversa,Knob Sedge,Cyperaceae,native,native,carex inversa,Not Assessed / No exact match,tussock,herbaceous,perennial,0.3,0.75,True,False,2.0,2007,7.0,2025-10-27T16:36:41Z,Not Assessed
Carthamus tinctorius,Safflower,Asteraceae,introduced,naturalised,carthamus tinctorius,Lower Risk,herb,herbaceous,annual,0.6,1.5,True,False,1.0,1990,1.0,1990-03-15T00:00:00Z,Lower Concern
Cassinia aculeata,Common Cassinia | Dogwood,Asteraceae,native,native,cassinia aculeata,Not Assessed / No exact match,shrub,woody,perennial,0.5,6.0,False,False,6.0,2009,17.0,2026-05-20T16:00:02Z,Not Assessed
Cassinia aculeata subsp. aculeata,,Asteraceae,native,native,cassinia aculeata,Not Assessed / No exact match,shrub,woody,perennial,0.5,6.0,False,False,6.0,2009,17.0,2026-05-20T16:00:02Z,Not Assessed
Cassinia arcuata,,Asteraceae,native,native,cassinia arcuata,Not Assessed / No exact match,shrub,woody,perennial,1.0,3.0,False,False,0.0,No local records found,1.0,,Not Assessed
Cassinia longifolia,Shiny Cassinia | Long-leaf Dogwood,Asteraceae,native,native,cassinia longifolia,Not Assessed / No exact match,shrub,woody,perennial,1.2,4.0,False,False,1.0,1985,37.0,2026-08-18T07:18:57Z,Not Assessed
Cassinia sifton,Drooping Cassinia  | Chinese Scrub | Sifton Bush,Asteraceae,uncertain,Not available,cassinia sifton,Medium Risk,shrub,woody,perennial,1.2,2.0,False,False,9.0,2019,53.0,2026-08-16T16:45:41Z,Use Caution
Cassytha glabella,Slender Dodder-laurel | Tangled Dodder-laurel,Lauraceae,native,native,cassytha glabella,Not Assessed / No exact match,climber_herbaceous,herbaceous,perennial,5.0,5.0,False,False,3.0,2006,9.0,2006-10-10T00:00:00Z,Not Assessed
Cassytha glabella f. dispar,,Lauraceae,native,native,cassytha glabella,Not Assessed / No exact match,climber_herbaceous,herbaceous,perennial,5.0,5.0,False,False,3.0,2006,9.0,2006-10-10T00:00:00Z,Not Assessed
Cassytha melantha,Coarse Dodder-laurel,Lauraceae,native,native,cassytha melantha,Not Assessed / No exact match,climber_herbaceous,herbaceous,perennial,,,False,False,1.0,1986,3.0,2023-07-13T00:00:00Z,Not Assessed
Cassytha pubescens,Downy Dodder-laurel,Lauraceae,native,native,cassytha pubescens,Not Assessed / No exact match,climber_herbaceous,herbaceous,perennial,,,False,False,2.0,1998,8.0,2023-02-22T15:22:48Z,Not Assessed
Cenchrus clandestinus,Kikuyu,Poaceae,introduced,naturalised,cenchrus clandestinus,Very High Risk,herb,herbaceous,perennial,0.07,0.9,True,False,14.0,2024,83.0,2026-04-25T10:38:32Z,Reconsider Planting
Cenchrus longispinus,Spiny Burr-grass,Poaceae,introduced,naturalised,cenchrus longispinus,High Risk,graminoid herb,herbaceous,annual,0.8,0.9,True,False,1.0,1982,1.0,1982-03-18T00:00:00Z,Reconsider Planting
Centaurium erythraea,Common Centaury,Gentianaceae,introduced,naturalised,centaurium erythraea,Moderately High Risk,herb,herbaceous,annual biennial,0.02,0.5,True,False,3.0,2006,18.0,2025-12-09T12:44:26Z,Use Caution
Centella cordifolia,Centella,Apiaceae,native,native,centella cordifolia,Not Assessed / No exact match,herb,herbaceous,perennial,0.1,0.2,False,False,6.0,2010,12.0,2010-04-21T00:00:00Z,Not Assessed
Centipeda cunninghamii,Common Sneezeweed,Asteraceae,native,native,centipeda cunninghamii,Not Assessed / No exact match,herb,herbaceous,perennial,0.05,0.5,False,False,1.0,1962,1.0,1962-04-17T00:00:00Z,Not Assessed
Centrolepis aristata,Pointed Centrolepis,Restionaceae,native,native,centrolepis aristata,Not Assessed / No exact match,graminoid herb,herbaceous,annual,0.015,0.2,False,False,2.0,1975,8.0,1975-10-23T00:00:00Z,Not Assessed
Centrolepis fascicularis,Tufted Centrolepis,Restionaceae,native,native,centrolepis fascicularis,Not Assessed / No exact match,graminoid herb,herbaceous,perennial,0.05,0.15,False,False,1.0,1901,6.0,1901-11-19T00:00:00Z,Not Assessed
Centrolepis strigosa,,Restionaceae,native,native,centrolepis strigosa,Not Assessed / No exact match,graminoid herb,herbaceous,annual,0.01,0.11,False,False,1.0,1900,19.0,1993-01-01T00:00:00Z,Not Assessed
Centrolepis strigosa subsp. strigosa,Hairy Centrolepis,Restionaceae,native,native,centrolepis strigosa,Not Assessed / No exact match,graminoid herb,herbaceous,annual,0.01,0.11,False,False,1.0,1900,19.0,1993-01-01T00:00:00Z,Not Assessed
Cerastium glomeratum,Sticky Mouse-ear Chickweed,Caryophyllaceae,introduced,naturalised,cerastium glomeratum,Medium Risk,herb,herbaceous,annual,0.05,0.45,True,False,4.0,2007,13.0,2025-10-24T16:46:50Z,Use Caution
Ceratodon purpureus,,Ditrichaceae,native,native,ceratodon purpureus,High Risk,,,,,,True,False,1.0,1886,3.0,2012-09-23T00:00:00Z,Reconsider Planting
Chamaecytisus palmensis,Tree Lucerne,Fabaceae,introduced,naturalised,chamaecytisus palmensis,Very High Risk,shrub tree,woody,perennial,0.7,6.0,True,False,4.0,2019,9.0,2025-06-20T00:00:00Z,Reconsider Planting
Chamaescilla corymbosa,,Asphodelaceae,native,native,chamaescilla corymbosa,Not Assessed / No exact match,herb,herbaceous,perennial,0.05,0.4,False,False,5.0,1975,13.0,2025-10-09T14:38:28Z,Not Assessed
Chamaescilla corymbosa var. corymbosa,Blue Stars | Mudrurt,Asphodelaceae,native,native,chamaescilla corymbosa,Not Assessed / No exact match,herb,herbaceous,perennial,0.05,0.4,False,False,5.0,1975,13.0,2025-10-09T14:38:28Z,Not Assessed
Chasmanthe floribunda,,Iridaceae,introduced,naturalised,chasmanthe floribunda,Very High Risk,herb,herbaceous,perennial,0.4,1.5,True,False,1.0,1951,1.0,1951-07-23T00:00:00Z,Reconsider Planting
Chenopodium album,Fat Hen | White Goosefoot,Chenopodiaceae,introduced,naturalised,chenopodium album,Medium Risk,herb,herbaceous,annual,0.2,3.0,True,False,3.0,2010,5.0,2026-04-13T08:23:36Z,Use Caution
Chenopodium murale,Sowbane,Chenopodiaceae,introduced,naturalised,chenopodium murale,Medium Risk,herb,herbaceous,annual,0.2,1.5,True,False,2.0,2009,3.0,2025-06-18T13:51:15Z,Use Caution
Chiloglottis curviclavia,,Orchidaceae,native,native,chiloglottis curviclavia,Not Assessed / No exact match,herb,herbaceous,perennial,0.05,0.15,False,False,3.0,1888,0.0,No local records found,Not Assessed
Chiloglottis reflexa,,Orchidaceae,native,native,chiloglottis reflexa,Not Assessed / No exact match,herb,herbaceous,perennial,0.05,0.1,True,False,0.0,No local records found,5.0,,Not Assessed
Chrysocephalum apiculatum,Common Everlasting,Asteraceae,native,native,chrysocephalum apiculatum,Not Assessed / No exact match,herb,herbaceous,perennial,0.07,0.8,False,False,1.0,1968,16.0,2026-07-03T09:25:58Z,Not Assessed
Chrysocephalum semipapposum,Clustered Everlasting,Asteraceae,native,native,chrysocephalum semipapposum,Not Assessed / No exact match,herb,herbaceous,perennial,0.15,1.0,False,False,2.0,1998,61.0,2026-04-25T08:49:36Z,Not Assessed
Cirsium vulgare,Spear Thistle,Asteraceae,introduced,naturalised,cirsium vulgare,Moderately High Risk,herb,herbaceous,biennial,0.05,1.5,True,False,11.0,2024,25.0,2026-04-25T10:21:00Z,Use Caution
Clematis aristata,Mountain Clematis,Ranunculaceae,native,native,clematis aristata,Not Assessed / No exact match,climber_woody,woody,perennial,3.0,15.0,False,False,1.0,1980,22.0,2025-10-27T18:14:19Z,Not Assessed
Clematis microphylla,Small-leaved Clematis | Kenam,Ranunculaceae,native,native,clematis microphylla,Not Assessed / No exact match,climber_woody,woody,perennial,2.0,6.0,False,False,2.0,2024,75.0,2026-08-30T15:11:02Z,Not Assessed
Comesperma calymega,Blue-spike Milkwort,Polygalaceae,native,native,comesperma calymega,Not Assessed / No exact match,herb,woody,perennial,0.1,0.6,False,False,1.0,1899,6.0,1899-02-09T00:00:00Z,Not Assessed
Comesperma defoliatum,Leafless Milkwort,Polygalaceae,native,native,comesperma defoliatum,Not Assessed / No exact match,shrub,woody,perennial,0.4,0.6,False,False,0.0,No local records found,2.0,1895-12-14T00:00:00Z,Not Assessed
Comesperma ericinum,Heath Milkwort,Polygalaceae,native,native,comesperma ericinum,Not Assessed / No exact match,shrub,woody,perennial,0.3,2.0,False,False,3.0,1900,5.0,1900-11-12T00:00:00Z,Not Assessed
Comesperma volubile,Love Creeper,Polygalaceae,native,native,comesperma volubile,Not Assessed / No exact match,climber,herbaceous,perennial,0.15,3.0,False,False,4.0,1969,6.0,2023-09-07T14:43:36Z,Not Assessed
Coprosma quadrifida,Prickly Currant-bush,Rubiaceae,native,native,coprosma quadrifida,Not Assessed / No exact match,shrub,woody,perennial,2.0,5.0,False,False,3.0,2006,38.0,2026-08-20T11:52:19Z,Not Assessed
Coprosma repens,Mirror Bush | Taupata | Maori Name,Rubiaceae,introduced,naturalised,coprosma repens,Very High Risk,shrub tree,woody,perennial,0.5,8.0,True,False,8.0,2022,32.0,2026-08-20T12:01:05Z,Reconsider Planting
Cordyline australis,New Zealand Cabbage-tree,Asparagaceae,introduced,naturalised,cordyline australis,High Risk,shrub tree,woody,perennial,8.0,12.0,True,False,1.0,2007,6.0,2025-10-27T21:07:32Z,Reconsider Planting
Coronidium elatum,,Asteraceae,native,native,coronidium elatum,Not Assessed / No exact match,subshrub,woody,perennial,0.3,2.0,False,False,0.0,No local records found,1.0,2001-02-06T00:00:00Z,Not Assessed
Coronidium gunnianum,,Asteraceae,native,native,coronidium gunnianum,Not Assessed / No exact match,herb,herbaceous,perennial,0.5,0.5,False,False,0.0,No local records found,2.0,1893-01-21T00:00:00Z,Not Assessed
Coronidium scorpioides,,Asteraceae,native,native,coronidium scorpioides,Not Assessed / No exact match,herb,herbaceous,perennial,0.01,0.901,False,False,8.0,1980,11.0,2020-09-15T17:57:00Z,Not Assessed
Correa reflexa,Common Correa | Native Fuchsia,Rutaceae,native,native,correa reflexa,Not Assessed / No exact match,shrub,woody,perennial,0.5,3.0,False,False,9.0,2009,34.0,2026-08-30T15:07:07Z,Not Assessed
Correa reflexa var. lobata,,Rutaceae,native,native,correa reflexa,Not Assessed / No exact match,shrub,woody,perennial,0.5,3.0,False,False,9.0,2009,34.0,2026-08-30T15:07:07Z,Not Assessed
Correa reflexa var. reflexa,,Rutaceae,native,native,correa reflexa,Not Assessed / No exact match,shrub,woody,perennial,0.5,3.0,False,False,9.0,2009,34.0,2026-08-30T15:07:07Z,Not Assessed
Cortaderia selloana,Pampas Grass,Poaceae,introduced,naturalised,cortaderia selloana,High Risk,graminoid herb,herbaceous,perennial,2.0,4.5,True,False,2.0,1986,3.0,2025-06-15T16:00:24Z,Reconsider Planting
Cortaderia selloana subsp. selloana,,Poaceae,introduced,naturalised,cortaderia selloana,High Risk,graminoid herb,herbaceous,perennial,2.0,4.5,True,False,2.0,1986,3.0,2025-06-15T16:00:24Z,Reconsider Planting
Corunastylis archeri,,Orchidaceae,native,native,corunastylis archeri,Not Assessed / No exact match,herb,herbaceous,perennial,0.05,0.25,True,False,0.0,No local records found,1.0,,Not Assessed
Corunastylis ciliata,,Orchidaceae,native,native,corunastylis ciliata,Not Assessed / No exact match,herb,herbaceous,perennial,0.1,0.15,False,False,5.0,1911,0.0,No local records found,Not Assessed
Corunastylis despectans,,Orchidaceae,native,native,corunastylis despectans,Not Assessed / No exact match,herb,herbaceous,perennial,0.05,0.25,False,False,2.0,1968,4.0,1968-09-26T00:00:00Z,Not Assessed
Corunastylis morrisii,,Orchidaceae,native,native,corunastylis morrisii,Not Assessed / No exact match,herb,herbaceous,perennial,0.15,0.25,False,False,8.0,1930,8.0,1930-04-14T00:00:00Z,Not Assessed
Corunastylis pumila,,Orchidaceae,native,native,corunastylis pumila,Not Assessed / No exact match,herb,herbaceous,perennial,0.08,0.2,False,False,1.0,1892,1.0,,Not Assessed
Corybas fimbriatus,Fringed Helmet-orchid,Orchidaceae,native,native,corybas fimbriatus,Not Assessed / No exact match,herb,herbaceous,perennial,0.03,0.03,False,False,1.0,1900,0.0,No local records found,Not Assessed
Corybas incurvus,Slaty Helmet-orchid,Orchidaceae,native,native,corybas incurvus,Not Assessed / No exact match,herb,herbaceous,perennial,0.02,0.05,False,False,1.0,1927,3.0,1900-09-04T00:00:00Z,Not Assessed
Corybas unguiculatus,Small Helmet-orchid,Orchidaceae,native,native,corybas unguiculatus,Not Assessed / No exact match,herb,herbaceous,perennial,0.03,0.03,False,False,8.0,1925,16.0,1915-07-01T00:00:00Z,Not Assessed
Corymbia citriodora,,Myrtaceae,introduced,Not available,corymbia citriodora,Moderately High Risk,tree,woody,perennial,25.0,50.0,True,False,2.0,2013,8.0,2026-08-19T08:06:03Z,Use Caution
Corymbia citriodora subsp. citriodora,,Myrtaceae,introduced,naturalised,corymbia citriodora,Moderately High Risk,tree,woody,perennial,25.0,50.0,True,False,2.0,2013,8.0,2026-08-19T08:06:03Z,Use Caution
Corymbia maculata,,Myrtaceae,native,native,corymbia maculata,Very High Risk,tree,woody,perennial,20.0,60.0,True,False,4.0,2019,11.0,2025-03-07T12:45:12Z,Reconsider Planting
Cotoneaster glaucophyllus,,Rosaceae,introduced,naturalised,cotoneaster glaucophyllus,Very High Risk,shrub,woody,perennial,1.0,3.0,True,False,1.0,2000,9.0,2026-06-05T11:27:03Z,Reconsider Planting
Cotoneaster pannosus,,Rosaceae,introduced,naturalised,cotoneaster pannosus,Very High Risk,shrub,woody,perennial,1.0,3.5,True,False,1.0,2007,5.0,2024-09-23T16:55:34Z,Reconsider Planting
Cotoneaster simonsii,,Rosaceae,introduced,naturalised,cotoneaster simonsii,Very High Risk,shrub,woody,perennial,2.0,4.0,True,False,1.0,2000,1.0,2000-04-26T00:00:00Z,Reconsider Planting
Cotula australis,Common Cotula,Asteraceae,uncertain,Not available,cotula australis,Not Assessed / No exact match,herb,herbaceous,annual,0.02,0.2,True,False,2.0,2013,12.0,2026-03-11T12:39:25Z,Not Assessed
Cotula coronopifolia,Water-buttons,Asteraceae,introduced,naturalised,cotula coronopifolia,Medium Risk,herb,herbaceous,perennial,0.1,0.6,True,False,6.0,2000,8.0,2021-09-11T17:11:01Z,Use Caution
Crassula decumbens,Spreading Crassula,Crassulaceae,native,native,crassula decumbens,Not Assessed / No exact match,herb,herbaceous,annual,0.1,0.15,True,False,2.0,2007,8.0,2007-09-24T00:00:00Z,Not Assessed
Crassula decumbens var. decumbens,,Crassulaceae,native,native,crassula decumbens,Not Assessed / No exact match,herb,herbaceous,annual,0.1,0.15,True,False,2.0,2007,8.0,2007-09-24T00:00:00Z,Not Assessed
Crassula helmsii,Swamp Crassula,Crassulaceae,native,native,crassula helmsii,Not Assessed / No exact match,herb,herbaceous,perennial,0.1,0.3,False,False,1.0,1998,12.0,2026-08-07T15:29:36Z,Not Assessed
Crassula multicava,,Crassulaceae,introduced,Not available,crassula multicava,High Risk,herb,herbaceous,perennial,0.4,0.4,True,False,1.0,2000,3.0,2026-06-02T14:30:25Z,Reconsider Planting
Crassula multicava subsp. multicava,Fairy Crassula,Crassulaceae,introduced,naturalised,crassula multicava,High Risk,herb,herbaceous,perennial,0.4,0.4,True,False,1.0,2000,3.0,2026-06-02T14:30:25Z,Reconsider Planting
Crassula peduncularis,Purple Crassula,Crassulaceae,native,native,crassula peduncularis,Not Assessed / No exact match,herb,herbaceous,annual,0.01,0.5,False,False,0.0,No local records found,1.0,1893-11-11T00:00:00Z,Not Assessed
Crassula tetramera,,Crassulaceae,native,native,crassula tetramera,Not Assessed / No exact match,herb,herbaceous,annual,0.1,0.1,False,False,0.0,No local records found,0.0,No local records found,Not Assessed
Crataegus monogyna,Hawthorn,Rosaceae,introduced,naturalised,crataegus monogyna,High Risk,shrub tree,woody,perennial,10.0,10.0,True,False,8.0,2010,37.0,2026-04-19T14:37:58Z,Reconsider Planting
Crepis capillaris,Smooth Hawksbeard,Asteraceae,introduced,naturalised,crepis capillaris,High Risk,herb,herbaceous,annual biennial,0.04,1.2,True,False,1.0,2000,2.0,2000-10-12T00:00:00Z,Reconsider Planting
Crocosmia ×crocosmiiflora,Montbretia,Iridaceae,introduced,naturalised,crocosmia crocosmiiflora,Not Assessed / No exact match,,,,,,True,False,0.0,No local records found,0.0,No local records found,Not Assessed
Cryptostylis subulata,Large Tongue-orchid,Orchidaceae,native,native,cryptostylis subulata,Not Assessed / No exact match,herb,herbaceous,perennial,0.3,0.9,False,False,2.0,1980,4.0,1980-01-11T00:00:00Z,Not Assessed
Cyanicula caerulea,,Orchidaceae,native,native,cyanicula caerulea,Not Assessed / No exact match,herb,herbaceous,perennial,0.05,0.18,False,False,0.0,No local records found,1.0,,Not Assessed
Cyclospermum leptophyllum,Slender Celery,Apiaceae,introduced,naturalised,cyclospermum leptophyllum,Medium Risk,herb,herbaceous,annual,0.15,0.7,True,False,1.0,1949,1.0,1949-03-05T00:00:00Z,Use Caution
Cycnogeton procerum,,Juncaginaceae,native,native,cycnogeton procerum,Not Assessed / No exact match,herb,herbaceous,perennial,0.05,2.0,False,False,3.0,2007,23.0,2026-08-07T15:17:35Z,Not Assessed
Cynodon dactylon,Couch,Poaceae,native,native,cynodon dactylon,Moderately High Risk,graminoid herb,herbaceous,perennial,0.05,0.4,True,False,16.0,2024,25.0,2025-06-20T00:00:00Z,Use Caution
Cynodon dactylon var. dactylon,,Poaceae,introduced,naturalised,cynodon dactylon,Moderately High Risk,graminoid herb,herbaceous,perennial,0.05,0.4,True,False,16.0,2024,25.0,2025-06-20T00:00:00Z,Use Caution
Cynosurus echinatus,Rough Dog's-tail,Poaceae,introduced,naturalised,cynosurus echinatus,High Risk,graminoid herb,herbaceous,annual,0.1,1.0,True,False,1.0,1985,2.0,1987-12-08T00:00:00Z,Reconsider Planting
Cyperus eragrostis,Drain Flat-sedge,Cyperaceae,introduced,naturalised,cyperus eragrostis,Medium Risk,graminoid herb,herbaceous,perennial,0.2,1.4,True,False,11.0,2024,43.0,2026-04-24T17:10:28Z,Use Caution
Cyrtostylis reniformis,Gnat Orchid,Orchidaceae,native,native,cyrtostylis reniformis,Not Assessed / No exact match,herb,herbaceous,perennial,0.03,0.27,False,False,1.0,1900,1.0,1900-09-04T00:00:00Z,Not Assessed
Dactylis glomerata,Cocksfoot,Poaceae,introduced,naturalised,dactylis glomerata,High Risk,graminoid herb,herbaceous,perennial,1.4,1.4,True,False,12.0,2024,36.0,2026-03-31T10:51:12Z,Reconsider Planting
Datura stramonium,Common Thorn-apple,Solanaceae,introduced,naturalised,datura stramonium,Moderately High Risk,herb,herbaceous,annual,0.2,1.5,True,False,1.0,1914,1.0,1914-05-21T00:00:00Z,Use Caution
Daucus carota,Carrot,Apiaceae,introduced,naturalised,daucus carota,High Risk,herb,herbaceous,biennial,0.3,1.5,True,False,1.0,2000,6.0,2025-12-27T15:50:00Z,Reconsider Planting
Daucus glochidiatus,Australian Carrot,Apiaceae,native,native,daucus glochidiatus,Not Assessed / No exact match,herb,herbaceous,annual,0.003,0.75,False,False,1.0,1998,1.0,1998-06-01T00:00:00Z,Not Assessed
Daviesia latifolia,Hop Bitter-pea,Fabaceae,native,native,daviesia latifolia,Not Assessed / No exact match,shrub,woody,perennial,1.0,5.0,False,False,5.0,2006,46.0,2025-10-27T18:22:40Z,Not Assessed
Daviesia leptophylla,Narrow-leaf Bitter-pea,Fabaceae,native,native,daviesia leptophylla,Not Assessed / No exact match,shrub,woody,perennial,1.0,2.0,False,False,2.0,1980,17.0,2026-04-24T08:47:45Z,Not Assessed
Daviesia ulicifolia,Gorse Bitter-pea,Fabaceae,native,native,daviesia ulicifolia,Not Assessed / No exact match,shrub,woody,perennial,0.5,2.5,False,False,1.0,1900,4.0,2026-08-24T13:29:25Z,Not Assessed
Daviesia ulicifolia subsp. ulicifolia,,Fabaceae,native,native,daviesia ulicifolia,Not Assessed / No exact match,shrub,woody,perennial,0.5,2.5,False,False,1.0,1900,4.0,2026-08-24T13:29:25Z,Not Assessed
Delairea odorata,Ivy Groundsel | Cape Ivy,Asteraceae,introduced,naturalised,delairea odorata,Very High Risk,climber_herbaceous,herbaceous,perennial,3.0,4.0,True,False,1.0,2000,4.0,2023-07-13T00:00:00Z,Reconsider Planting
Deschampsia cespitosa,Tufted Hair-grass,Poaceae,native,native,deschampsia cespitosa,Not Assessed / No exact match,graminoid herb,herbaceous,perennial,0.2,2.0,False,False,0.0,No local records found,1.0,1998-03-08T00:00:00Z,Not Assessed
Deyeuxia densa,,Poaceae,native,native,deyeuxia densa,Not Assessed / No exact match,tussock,herbaceous,perennial,0.3,1.0,False,False,1.0,1920,1.0,,Not Assessed
Deyeuxia quadriseta,Reed Bent-grass,Poaceae,native,native,deyeuxia quadriseta,Not Assessed / No exact match,graminoid herb,herbaceous,perennial,0.15,1.5,False,False,1.0,1987,6.0,2023-07-13T00:00:00Z,Not Assessed
Dianella longifolia,Pale Flax-lily | Smooth Flax-lily,Asphodelaceae,native,native,dianella longifolia,Not Assessed / No exact match,herb,herbaceous,perennial,0.5,1.5,False,False,5.0,2006,11.0,2025-09-30T08:56:37Z,Not Assessed
Dianella longifolia var. longifolia,,Asphodelaceae,native,native,dianella longifolia,Not Assessed / No exact match,herb,herbaceous,perennial,0.5,1.5,False,False,5.0,2006,11.0,2025-09-30T08:56:37Z,Not Assessed
Dianella revoluta,Black-anther Flax-lily | Spreading Flax-lily,Asphodelaceae,native,native,dianella revoluta,Not Assessed / No exact match,herb,herbaceous,perennial,0.15,1.5,False,False,5.0,2006,30.0,2025-10-24T16:37:04Z,Not Assessed
Dianella revoluta var. revoluta,,Asphodelaceae,native,native,dianella revoluta,Not Assessed / No exact match,herb,herbaceous,perennial,0.15,1.5,False,False,5.0,2006,30.0,2025-10-24T16:37:04Z,Not Assessed
Dichelachne rara,,Poaceae,native,native,dichelachne rara,Not Assessed / No exact match,tussock,herbaceous,perennial,0.18,1.3,False,False,1.0,1983,2.0,2005-01-19T00:00:00Z,Not Assessed
Dichondra repens,Kidney-weed,Convolvulaceae,native,native,dichondra repens,Not Assessed / No exact match,herb,herbaceous,perennial,0.02,0.1,False,False,7.0,2013,60.0,2026-08-08T12:45:00Z,Not Assessed
Dicksonia antarctica,Soft Tree-fern | Kombadik,Dicksoniaceae,native,native,dicksonia antarctica,Not Assessed / No exact match,fern palmoid,herbaceous,perennial,4.5,15.0,False,False,0.0,No local records found,3.0,2022-04-27T16:52:36Z,Not Assessed
Dicranoloma billarderii,,Dicranaceae,native,native,dicranoloma billarderii,Not Assessed / No exact match,,,,,,False,False,0.0,No local records found,1.0,1886-08-31T00:00:00Z,Not Assessed
Digitaria sanguinalis,Summer Grass,Poaceae,introduced,naturalised,digitaria sanguinalis,Medium Risk,graminoid herb,herbaceous,annual,0.15,1.0,True,False,2.0,2000,10.0,2026-03-30T09:42:25Z,Use Caution
Dillwynia cinerascens,Grey Parrot-pea,Fabaceae,native,native,dillwynia cinerascens,Not Assessed / No exact match,shrub,woody,perennial,0.3,1.5,False,False,5.0,2006,76.0,2026-09-04T12:15:03Z,Not Assessed
Dillwynia glaberrima,Smooth Parrot-pea,Fabaceae,native,native,dillwynia glaberrima,Not Assessed / No exact match,shrub,woody,perennial,0.5,2.0,False,False,0.0,No local records found,7.0,2025-11-15T17:12:06Z,Not Assessed
Dillwynia sericea,,Fabaceae,native,native,dillwynia sericea,Not Assessed / No exact match,shrub,woody,perennial,0.15,1.5,False,False,1.0,2000,3.0,2026-08-17T14:18:46Z,Not Assessed
Dipodium roseum,Hyacinth Orchid,Orchidaceae,native,native,dipodium roseum,Not Assessed / No exact match,herb,herbaceous,perennial,0.3,0.9,False,False,1.0,1906,1.0,,Not Assessed
Dittrichia graveolens,Stinkwort,Asteraceae,introduced,naturalised,dittrichia graveolens,Moderately High Risk,herb,herbaceous,annual,0.1,1.0,True,False,3.0,1962,5.0,2026-04-15T13:48:42Z,Use Caution
Diuris chryseopsis,,Orchidaceae,native,native,diuris chryseopsis,Not Assessed / No exact match,herb,herbaceous,perennial,0.12,0.4,False,False,1.0,1902,2.0,1902-10-09T00:00:00Z,Not Assessed
Diuris orientis,,Orchidaceae,native,native,diuris orientis,Not Assessed / No exact match,herb,herbaceous,perennial,0.1,0.45,False,False,3.0,1968,4.0,1968-09-26T00:00:00Z,Not Assessed
Diuris pardina,Leopard Orchid | Burny Burny,Orchidaceae,native,native,diuris pardina,Not Assessed / No exact match,herb,herbaceous,perennial,0.14,0.4,False,False,0.0,No local records found,1.0,,Not Assessed
Diuris sulphurea,Tiger Orchid,Orchidaceae,native,native,diuris sulphurea,Not Assessed / No exact match,herb,herbaceous,perennial,0.15,0.6,False,False,1.0,1900,1.0,1900-11-12T00:00:00Z,Not Assessed
Dodonaea viscosa,Sticky Hop-bush,Sapindaceae,native,native,dodonaea viscosa,Lower Risk,shrub,woody,perennial,0.5,15.0,True,False,0.0,No local records found,30.0,2026-04-24T07:46:14Z,Lower Concern
Drosera aberrans,,Droseraceae,native,native,drosera aberrans,Not Assessed / No exact match,herb,herbaceous,perennial,0.03,0.05,False,False,7.0,1980,15.0,2026-08-08T12:44:00Z,Not Assessed
Drosera auriculata,,Droseraceae,native,native,drosera auriculata,Not Assessed / No exact match,herb,herbaceous,perennial,0.2,0.8,False,False,9.0,1985,11.0,1986-11-01T00:00:00Z,Not Assessed
Drosera binata,Forked Sundew,Droseraceae,native,native,drosera binata,Not Assessed / No exact match,herb,herbaceous,perennial,0.1,0.6,False,False,2.0,1939,7.0,1939-03-24T00:00:00Z,Not Assessed
Drosera glanduligera,Scarlet Sundew,Droseraceae,native,native,drosera glanduligera,Not Assessed / No exact match,herb,herbaceous,annual,0.002,0.06,False,False,1.0,1902,1.0,1902-10-09T00:00:00Z,Not Assessed
Drosera hookeri,,Droseraceae,native,native,drosera hookeri,Not Assessed / No exact match,herb,herbaceous,perennial,,,False,False,1.0,1960,4.0,1960-10-01T00:00:00Z,Not Assessed
Drosera peltata,,Droseraceae,native,native,drosera peltata,Not Assessed / No exact match,herb,herbaceous,perennial,0.07,0.8,True,False,2.0,2000,1.0,2000-10-12T00:00:00Z,Not Assessed
Drosera pygmaea,Tiny Sundew,Droseraceae,native,native,drosera pygmaea,Not Assessed / No exact match,herb,herbaceous,perennial,0.025,0.05,False,False,0.0,No local records found,1.0,1890-12-02T00:00:00Z,Not Assessed
Drosera spatulata,Rosy Sundew,Droseraceae,native,native,drosera spatulata,Not Assessed / No exact match,herb,herbaceous,perennial,0.03,0.25,False,False,0.0,No local records found,5.0,1893-12-23T00:00:00Z,Not Assessed
Duma florulenta,Tangled Lignum,Polygonaceae,native,native,duma florulenta,Not Assessed / No exact match,shrub,woody,perennial,0.9,3.0,False,False,0.0,No local records found,2.0,2024-09-03T15:02:09Z,Not Assessed
Dysphania pumilio,,Chenopodiaceae,native,native,dysphania pumilio,Not Assessed / No exact match,herb,herbaceous,annual short_lived_perennial,0.04,0.3,True,False,2.0,2009,3.0,2025-03-06T13:17:03Z,Not Assessed
Echinochloa crus-galli,Barnyard Grass,Poaceae,introduced,naturalised,echinochloa crus-galli,Medium Risk,graminoid herb,herbaceous,annual,0.25,1.5,True,False,1.0,1989,3.0,2023-07-13T00:00:00Z,Use Caution
Echium plantagineum,Paterson's Curse | Salvation Jane,Boraginaceae,introduced,naturalised,echium plantagineum,High Risk,herb,herbaceous,annual biennial,0.1,1.2,True,False,4.0,2000,8.0,2025-10-27T13:34:54Z,Reconsider Planting
Ehrharta erecta,Panic Veldt-grass,Poaceae,introduced,naturalised,ehrharta erecta,Very High Risk,graminoid herb,herbaceous,perennial,0.45,0.9,True,False,17.0,2024,39.0,2026-04-25T08:54:47Z,Reconsider Planting
Ehrharta longiflora,Annual Veldt-grass,Poaceae,introduced,naturalised,ehrharta longiflora,High Risk,graminoid herb,herbaceous,annual,0.11,0.9,True,False,11.0,2009,31.0,2026-02-18T09:33:45Z,Reconsider Planting
Eleocharis acuta,Common Spike-rush,Cyperaceae,native,native,eleocharis acuta,Not Assessed / No exact match,graminoid herb,herbaceous,perennial,0.4985,0.9,False,False,4.0,2010,10.0,2010-04-21T00:00:00Z,Not Assessed
Eleocharis atricha,,Cyperaceae,native,native,eleocharis atricha,Not Assessed / No exact match,graminoid herb,herbaceous,perennial,0.4,0.4,False,False,1.0,1963,1.0,1963-02-13T00:00:00Z,Not Assessed
Eleocharis sphacelata,Tall Spike-rush,Cyperaceae,native,native,eleocharis sphacelata,Not Assessed / No exact match,graminoid herb,herbaceous,perennial,1.0,2.0,False,False,2.0,2010,9.0,2026-04-24T17:22:37Z,Not Assessed
Eleusine indica,Goose-grass,Poaceae,introduced,naturalised,eleusine indica,Medium Risk,graminoid herb,herbaceous,annual perennial,0.7,1.0,True,False,4.0,2010,9.0,2026-04-09T11:46:48Z,Use Caution
Eleusine tristachya,American Crows-foot Grass,Poaceae,introduced,naturalised,eleusine tristachya,Medium Risk,graminoid herb,herbaceous,perennial,0.3,0.4,True,False,1.0,2010,1.0,2010-04-21T00:00:00Z,Use Caution
Empodisma minus,Spreading Rope-rush,Restionaceae,native,native,empodisma minus,Not Assessed / No exact match,graminoid,herbaceous,perennial,0.5,2.0,False,False,0.0,No local records found,10.0,1895-10-19T00:00:00Z,Not Assessed
Epacris impressa,Common Heath,Ericaceae,native,native,epacris impressa,Not Assessed / No exact match,shrub,woody,perennial,0.2,1.6,False,False,7.0,2000,50.0,2026-08-15T13:56:07Z,Not Assessed
Epacris obtusifolia,Blunt-leaf Heath,Ericaceae,native,native,epacris obtusifolia,Not Assessed / No exact match,shrub,woody,perennial,0.8,2.0,False,False,1.0,1902,10.0,1902-10-09T00:00:00Z,Not Assessed
Epilobium billardiereanum,,Onagraceae,native,native,epilobium billardiereanum,Not Assessed / No exact match,herb,herbaceous,perennial,0.1,1.0,False,False,6.0,2024,9.0,2024-08-01T00:00:00Z,Not Assessed
Epilobium billardiereanum subsp. billardiereanum,,Onagraceae,native,native,epilobium billardiereanum,Not Assessed / No exact match,herb,herbaceous,perennial,0.1,1.0,False,False,6.0,2024,9.0,2024-08-01T00:00:00Z,Not Assessed
Epilobium billardiereanum subsp. cinereum,,Onagraceae,native,native,epilobium billardiereanum,Not Assessed / No exact match,herb,herbaceous,perennial,0.1,1.0,False,False,6.0,2024,9.0,2024-08-01T00:00:00Z,Not Assessed
Epilobium ciliatum,Glandular Willow-herb,Onagraceae,introduced,naturalised,epilobium ciliatum,Moderately High Risk,herb,herbaceous,annual perennial,0.15,2.0,True,False,2.0,2000,4.0,2025-10-03T10:48:57Z,Use Caution
Epilobium hirtigerum,Hairy Willow-herb,Onagraceae,native,native,epilobium hirtigerum,Not Assessed / No exact match,herb,herbaceous,perennial,0.2,1.5,False,False,7.0,2009,22.0,2026-04-28T13:17:04Z,Not Assessed
Eragrostis brownii,Common Love-grass,Poaceae,native,native,eragrostis brownii,Not Assessed / No exact match,tussock,herbaceous,perennial,0.1,0.6,True,False,5.0,1989,8.0,2026-01-13T08:00:08Z,Not Assessed
Eragrostis cilianensis,Stink-grass,Poaceae,introduced,naturalised,eragrostis cilianensis,Moderately High Risk,graminoid herb,herbaceous,annual,0.12,0.9,True,False,1.0,2010,1.0,2010-04-21T00:00:00Z,Use Caution
Eragrostis mexicana,Mexican Love-grass,Poaceae,introduced,naturalised,eragrostis mexicana,Very High Risk,graminoid herb,herbaceous,annual,0.12,1.2,True,False,2.0,2012,3.0,2012-04-05T00:00:00Z,Reconsider Planting
Erica lusitanica,Spanish Heath,Ericaceae,introduced,naturalised,erica lusitanica,Very High Risk,shrub,woody,perennial,0.5,3.3,True,False,2.0,2024,4.0,2025-08-25T14:38:00Z,Reconsider Planting
Erigeron bonariensis,Flaxleaf Fleabane,Asteraceae,introduced,naturalised,erigeron bonariensis,Medium Risk,herb,herbaceous,annual,0.15,1.5,True,False,5.0,2010,9.0,2025-06-20T00:00:00Z,Use Caution
Erigeron karvinskianus,Seaside Daisy,Asteraceae,introduced,naturalised,erigeron karvinskianus,High Risk,herb,herbaceous,perennial,0.15,0.4,True,False,0.0,No local records found,12.0,2026-06-17T13:15:09Z,Reconsider Planting
Erigeron sumatrensis,Tall Fleabane,Asteraceae,introduced,naturalised,erigeron sumatrensis,Moderately High Risk,herb,herbaceous,annual,2.0,2.0,True,False,3.0,2006,4.0,2023-07-13T00:00:00Z,Use Caution
Eriobotrya japonica,Loquat,Rosaceae,introduced,adventive,eriobotrya japonica,Moderately High Risk,tree,woody,perennial,4.0,10.0,True,False,0.0,No local records found,4.0,2023-07-25T12:46:42Z,Use Caution
Eryngium vesiculosum,Prickfoot,Apiaceae,native,native,eryngium vesiculosum,Not Assessed / No exact match,herb,herbaceous,perennial,0.0835,0.2,False,False,0.0,No local records found,2.0,1891-02-05T00:00:00Z,Not Assessed
Eschscholzia californica,Californian Poppy,Papaveraceae,introduced,naturalised,eschscholzia californica,Moderately High Risk,herb,herbaceous,annual biennial,0.3,0.6,True,False,1.0,2007,1.0,2007-11-12T00:00:00Z,Use Caution
Eucalyptus aromaphloia,Scent-bark,Myrtaceae,native,native,eucalyptus aromaphloia,Not Assessed / No exact match,tree,woody,perennial,7.5,22.0,False,False,0.0,No local records found,1.0,1895-04-13T00:00:00Z,Not Assessed
Eucalyptus behriana,Bull Mallee,Myrtaceae,native,native,eucalyptus behriana,Not Assessed / No exact match,tree,woody,perennial,7.0,12.0,False,False,1.0,2013,1.0,2013-11-19T00:00:00Z,Not Assessed
Eucalyptus bosistoana,Coast Grey-box | Gippsland Grey-box,Myrtaceae,native,native,eucalyptus bosistoana,Not Assessed / No exact match,tree,woody,perennial,37.0,60.0,False,False,1.0,2013,1.0,2013-11-19T00:00:00Z,Not Assessed
Eucalyptus botryoides,Southern Mahogany,Myrtaceae,native,native,eucalyptus botryoides,Moderately High Risk,tree,woody,perennial,15.0,40.0,True,False,4.0,2013,6.0,2023-07-13T00:00:00Z,Use Caution
Eucalyptus bridgesiana,But But | Apple Box,Myrtaceae,native,native,eucalyptus bridgesiana,Not Assessed / No exact match,tree,woody,perennial,20.0,34.4,False,False,0.0,No local records found,1.0,1895-03-25T00:00:00Z,Not Assessed
Eucalyptus camaldulensis,River Red-gum,Myrtaceae,native,native,eucalyptus camaldulensis,Not Assessed / No exact match,tree,woody,perennial,5.0,50.0,True,False,4.0,2024,21.0,2026-03-25T11:46:08Z,Not Assessed
Eucalyptus camaldulensis subsp. camaldulensis,,Myrtaceae,native,native,eucalyptus camaldulensis,Not Assessed / No exact match,tree,woody,perennial,5.0,50.0,True,False,4.0,2024,21.0,2026-03-25T11:46:08Z,Not Assessed
Eucalyptus cephalocarpa,Mealy Stringybark,Myrtaceae,native,native,eucalyptus cephalocarpa,Not Assessed / No exact match,tree,woody,perennial,15.0,24.0,False,False,9.0,2024,44.0,2026-05-20T16:06:53Z,Not Assessed
Eucalyptus cladocalyx,Sugar Gum,Myrtaceae,introduced,naturalised,eucalyptus cladocalyx,High Risk,tree,woody,perennial,15.0,35.0,True,False,2.0,2013,6.0,2026-04-28T11:48:32Z,Reconsider Planting
Eucalyptus dives,Broad-leaved Peppermint,Myrtaceae,native,native,eucalyptus dives,Not Assessed / No exact match,tree,woody,perennial,18.0,25.0,False,False,1.0,2013,2.0,2013-11-19T00:00:00Z,Not Assessed
Eucalyptus elata,River Peppermint | Wang-ngara,Myrtaceae,native,native,eucalyptus elata,Not Assessed / No exact match,tree,woody,perennial,30.0,40.0,False,False,0.0,No local records found,1.0,,Not Assessed
Eucalyptus globoidea,White Stringybark,Myrtaceae,native,native,eucalyptus globoidea,Not Assessed / No exact match,tree,woody,perennial,8.0,40.0,False,False,1.0,2013,2.0,2023-08-08T00:00:00Z,Not Assessed
Eucalyptus globulus,Southern Blue-gum,Myrtaceae,native,native,eucalyptus globulus,Medium Risk,tree,woody,perennial,19.5,90.0,True,False,1.0,2009,8.0,2024-09-17T16:27:17Z,Use Caution
Eucalyptus globulus subsp. globulus,,Myrtaceae,native,native,eucalyptus globulus,Medium Risk,tree,woody,perennial,19.5,90.0,True,False,1.0,2009,8.0,2024-09-17T16:27:17Z,Use Caution
Eucalyptus goniocalyx,Bundy | Long-leaf Box,Myrtaceae,native,native,eucalyptus goniocalyx,Not Assessed / No exact match,tree,woody,perennial,6.0,25.0,False,False,1.0,1968,11.0,2026-04-28T11:49:04Z,Not Assessed
Eucalyptus leucoxylon,Yellow Gum,Myrtaceae,native,native,eucalyptus leucoxylon,High Risk,tree,woody,perennial,10.0,30.0,True,False,2.0,2019,8.0,2026-04-25T09:31:12Z,Reconsider Planting
Eucalyptus leucoxylon subsp. megalocarpa,,Myrtaceae,native,native,eucalyptus leucoxylon,High Risk,tree,woody,perennial,10.0,30.0,True,False,2.0,2019,8.0,2026-04-25T09:31:12Z,Reconsider Planting
Eucalyptus longifolia,,Myrtaceae,introduced,adventive,eucalyptus longifolia,Medium Risk,tree,woody,perennial,32.0,35.0,True,False,1.0,2013,1.0,2013-11-19T00:00:00Z,Use Caution
Eucalyptus macrorhyncha,Red Stringybark,Myrtaceae,native,native,eucalyptus macrorhyncha,Not Assessed / No exact match,tree,woody,perennial,12.0,35.0,False,False,6.0,2000,14.0,2026-06-24T11:40:43Z,Not Assessed
Eucalyptus melliodora,Yellow Box,Myrtaceae,native,native,eucalyptus melliodora,Not Assessed / No exact match,tree,woody,perennial,18.72,30.0,False,False,13.0,2024,32.0,2026-05-21T10:21:31Z,Not Assessed
Eucalyptus molyneuxii,,Myrtaceae,native,native,eucalyptus molyneuxii,Not Assessed / No exact match,mallee tree,woody,perennial,5.0,5.0,False,False,0.0,No local records found,0.0,No local records found,Not Assessed
Eucalyptus obliqua,Messmate Stringybark,Myrtaceae,native,native,eucalyptus obliqua,Not Assessed / No exact match,tree,woody,perennial,4.0,90.0,False,False,6.0,2013,20.0,2025-04-25T14:59:59Z,Not Assessed
Eucalyptus ovata,Swamp Gum,Myrtaceae,native,native,eucalyptus ovata,Not Assessed / No exact match,tree,woody,perennial,15.0,30.0,False,False,9.0,2024,26.0,2026-08-20T11:48:49Z,Not Assessed
Eucalyptus ovata subsp. ovata,,Myrtaceae,native,native,eucalyptus ovata,Not Assessed / No exact match,tree,woody,perennial,15.0,30.0,False,False,9.0,2024,26.0,2026-08-20T11:48:49Z,Not Assessed
Eucalyptus pauciflora,Snow Gum,Myrtaceae,native,native,eucalyptus pauciflora,Not Assessed / No exact match,tree,woody,perennial,5.0,30.0,False,False,1.0,2013,3.0,2026-05-19T12:43:32Z,Not Assessed
Eucalyptus perriniana,Spinning Gum,Myrtaceae,native,native,eucalyptus perriniana,Not Assessed / No exact match,mallee tree,woody,perennial,6.0,20.0,False,False,0.0,No local records found,2.0,,Not Assessed
Eucalyptus phenax,,Myrtaceae,native,native,eucalyptus phenax,Not Assessed / No exact match,mallee,woody,perennial,3.0,9.0,False,False,1.0,2001,0.0,No local records found,Not Assessed
Eucalyptus phenax subsp. phenax,,Myrtaceae,native,native,eucalyptus phenax,Not Assessed / No exact match,mallee,woody,perennial,3.0,9.0,False,False,1.0,2001,0.0,No local records found,Not Assessed
Eucalyptus polyanthemos,Red Box,Myrtaceae,native,native,eucalyptus polyanthemos,Not Assessed / No exact match,tree,woody,perennial,12.0,40.0,True,False,1.0,2013,3.0,2026-09-01T17:58:15Z,Not Assessed
Eucalyptus radiata,,Myrtaceae,native,native,eucalyptus radiata,Not Assessed / No exact match,tree,woody,perennial,10.0,58.0,False,False,9.0,2024,21.0,2024-08-01T00:00:00Z,Not Assessed
Eucalyptus radiata subsp. radiata,Narrow-leaved Peppermint,Myrtaceae,native,native,eucalyptus radiata,Not Assessed / No exact match,tree,woody,perennial,10.0,58.0,False,False,9.0,2024,21.0,2024-08-01T00:00:00Z,Not Assessed
Eucalyptus tricarpa,Ironbark,Myrtaceae,native,native,eucalyptus tricarpa,Not Assessed / No exact match,tree,woody,perennial,20.1,35.0,False,False,1.0,2013,2.0,2026-06-22T13:43:40Z,Not Assessed
Eucalyptus tricarpa subsp. tricarpa,,Myrtaceae,native,native,eucalyptus tricarpa,Not Assessed / No exact match,tree,woody,perennial,20.1,35.0,False,False,1.0,2013,2.0,2026-06-22T13:43:40Z,Not Assessed
Eucalyptus viminalis,Manna Gum | Ribbon Gum,Myrtaceae,native,native,eucalyptus viminalis,Not Assessed / No exact match,tree,woody,perennial,6.0,90.0,False,False,13.0,2024,34.0,2026-05-21T12:15:16Z,Not Assessed
Eucalyptus viminalis subsp. pryoriana,,Myrtaceae,native,native,eucalyptus viminalis,Not Assessed / No exact match,tree,woody,perennial,6.0,90.0,False,False,13.0,2024,34.0,2026-05-21T12:15:16Z,Not Assessed
Eucalyptus viminalis subsp. viminalis,,Myrtaceae,native,native,eucalyptus viminalis,Not Assessed / No exact match,tree,woody,perennial,6.0,90.0,False,False,13.0,2024,34.0,2026-05-21T12:15:16Z,Not Assessed
Eucalyptus yarraensis,Yarra Gum,Myrtaceae,native,native,eucalyptus yarraensis,Not Assessed / No exact match,tree,woody,perennial,15.0,21.0,False,False,6.0,2007,41.0,2025-09-05T17:10:14Z,Not Assessed
Eucalyptus ×studleyensis,,Myrtaceae,native,native,eucalyptus studleyensis,Not Assessed / No exact match,,,,,,False,False,0.0,No local records found,0.0,No local records found,Not Assessed
Euchiton involucratus,Common Cudweed,Asteraceae,native,native,euchiton involucratus,Not Assessed / No exact match,herb,herbaceous,perennial,0.12,0.5,False,False,3.0,2013,3.0,2013-11-19T00:00:00Z,Not Assessed
Euchiton japonicus,,Asteraceae,native,native,euchiton japonicus,Not Assessed / No exact match,herb,herbaceous,perennial,0.04,0.6,False,False,0.0,No local records found,5.0,1991-11-29T00:00:00Z,Not Assessed
Euchiton sphaericus,Star Cudweed,Asteraceae,native,native,euchiton sphaericus,Not Assessed / No exact match,herb,herbaceous,annual,0.02,1.0,True,False,1.0,1985,1.0,1985-10-19T00:00:00Z,Not Assessed
Euphorbia peplus,Petty Spurge,Euphorbiaceae,introduced,naturalised,euphorbia peplus,Moderately High Risk,herb,herbaceous,annual,0.05,0.4,True,False,3.0,2009,19.0,2026-04-25T09:54:04Z,Use Caution
Exocarpos cupressiformis,Cherry Ballart; Ballee | Ballot,Santalaceae,native,native,exocarpos cupressiformis,Not Assessed / No exact match,shrub tree,woody,perennial,3.0,10.0,False,False,10.0,2006,42.0,2026-07-05T10:03:46Z,Not Assessed
Festuca arundinacea,Tall Fescue,Poaceae,introduced,naturalised,festuca arundinacea,High Risk,,,,,,True,False,1.0,1984,0.0,No local records found,Reconsider Planting
Festuca rubra,Red Fescue | Creeping Fescue,Poaceae,introduced,naturalised,festuca rubra,Moderately High Risk,graminoid herb,herbaceous,perennial,0.3,0.9,True,False,2.0,1989,2.0,1989-12-09T00:00:00Z,Use Caution
Ficinia marginata,,Cyperaceae,native,native,ficinia marginata,Not Assessed / No exact match,,,,,,False,False,1.0,2007,0.0,No local records found,Not Assessed
Fissidens leptocladus,,Fissidentaceae,native,native,fissidens leptocladus,Not Assessed / No exact match,,,,,,False,False,1.0,1890,1.0,1890-08-16T00:00:00Z,Not Assessed
Fissidens taylorii,,Fissidentaceae,native,native,fissidens taylorii,Not Assessed / No exact match,,,,,,False,False,1.0,1952,0.0,No local records found,Not Assessed
Foeniculum vulgare,Fennel,Apiaceae,introduced,naturalised,foeniculum vulgare,Very High Risk,herb,herbaceous,perennial,0.5,2.5,True,False,4.0,2007,12.0,2026-07-31T13:14:12Z,Reconsider Planting
Fraxinus angustifolia,,Oleaceae,introduced,Not available,fraxinus angustifolia,Very High Risk,tree,woody,perennial,20.0,20.0,True,False,4.0,2009,77.0,2026-05-25T15:16:31Z,Reconsider Planting
Fumaria bastardii,Bastard's Fumitory,Papaveraceae,introduced,naturalised,fumaria bastardii,Medium Risk,herb,herbaceous,annual,0.15,2.0,True,False,1.0,2009,8.0,2025-10-04T11:57:00Z,Use Caution
Fumaria capreolata,White Fumitory,Papaveraceae,introduced,naturalised,fumaria capreolata,High Risk,herb,herbaceous,annual,0.1,1.0,True,False,4.0,2010,43.0,2026-08-16T16:24:44Z,Reconsider Planting
Funaria hygrometrica,,Funariaceae,native,native,funaria hygrometrica,Not Assessed / No exact match,,,,,,False,False,0.0,No local records found,1.0,1971-09-21T00:00:00Z,Not Assessed
Gahnia radula,Thatch Saw-sedge,Cyperaceae,native,native,gahnia radula,Not Assessed / No exact match,herb,herbaceous,perennial,1.0,2.0,False,False,13.0,2006,46.0,2025-04-28T15:52:39Z,Not Assessed
Gahnia sieberiana,Red-fruit Saw-sedge,Cyperaceae,native,native,gahnia sieberiana,Not Assessed / No exact match,tussock,herbaceous,perennial,2.0,3.0,False,False,0.0,No local records found,11.0,2026-04-24T08:54:06Z,Not Assessed
Galinsoga parviflora,Gallant Soldier | Potato Weed,Asteraceae,introduced,naturalised,galinsoga parviflora,Medium Risk,herb,herbaceous,annual,0.1,0.6,True,False,1.0,1984,2.0,2011-06-18T00:00:00Z,Use Caution
Galium aparine,Cleavers,Rubiaceae,introduced,naturalised,galium aparine,High Risk,herb,herbaceous,annual,0.05,1.5,True,False,9.0,2024,37.0,2025-10-24T16:45:28Z,Reconsider Planting
Galium gaudichaudii,Rough Bedstraw,Rubiaceae,native,native,galium gaudichaudii,Not Assessed / No exact match,herb,herbaceous,perennial,0.3,0.4,False,False,0.0,No local records found,0.0,No local records found,Not Assessed
Galium gaudichaudii subsp. gaudichaudii,,Rubiaceae,native,native,galium gaudichaudii,Not Assessed / No exact match,herb,herbaceous,perennial,0.3,0.4,False,False,0.0,No local records found,0.0,No local records found,Not Assessed
Gamochaeta americana,Cudweed,Asteraceae,introduced,naturalised,gamochaeta americana,Moderately High Risk,herb,herbaceous,annual biennial,0.1,0.4,True,False,2.0,1989,1.0,2026-04-27T09:49:36Z,Use Caution
Gamochaeta purpurea,Spike Cudweed,Asteraceae,introduced,naturalised,gamochaeta purpurea,Moderately High Risk,herb,herbaceous,annual biennial,0.1,0.6,True,False,1.0,2000,5.0,2000-04-26T00:00:00Z,Use Caution
Gaudium laevigatum,,Myrtaceae,native,native,gaudium laevigatum,Not Assessed / No exact match,,,,4.0,4.0,True,False,2.0,2022,0.0,No local records found,Not Assessed
Gaudium myrsinoides,,Myrtaceae,native,native,gaudium myrsinoides,Not Assessed / No exact match,,,,,,False,False,1.0,1902,0.0,No local records found,Not Assessed
Genista linifolia,Flax-leaf Broom,Fabaceae,introduced,naturalised,genista linifolia,Very High Risk,shrub,woody,perennial,0.45,3.0,True,False,2.0,2019,18.0,2026-09-03T10:38:20Z,Reconsider Planting
Genista monspessulana,Montpellier Broom,Fabaceae,introduced,naturalised,genista monspessulana,Very High Risk,shrub,woody,perennial,1.0,5.0,True,False,4.0,2009,18.0,2025-10-25T17:10:04Z,Reconsider Planting
Geranium dissectum,Cut-leaf Crane's-bill,Geraniaceae,introduced,naturalised,geranium dissectum,High Risk,herb,herbaceous,annual,0.2,0.45,True,False,4.0,2006,9.0,2025-10-24T14:49:52Z,Reconsider Planting
Geranium molle,,Geraniaceae,introduced,naturalised,geranium molle,Medium Risk,herb,herbaceous,annual biennial,0.15,0.5,True,False,1.0,2000,8.0,2026-06-03T08:41:07Z,Use Caution
Geranium retrorsum,Grassland Crane's-bill,Geraniaceae,native,native,geranium retrorsum,Not Assessed / No exact match,herb,herbaceous,perennial,0.05,0.5,False,False,1.0,1885,1.0,1885-10-29T00:00:00Z,Not Assessed
Geranium solanderi,,Geraniaceae,native,native,geranium solanderi,Not Assessed / No exact match,herb,herbaceous,perennial,0.12,0.5,False,False,1.0,1980,1.0,1980-01-11T00:00:00Z,Not Assessed
Gladiolus carneus,,Iridaceae,introduced,adventive,gladiolus carneus,Very High Risk,herb,herbaceous,perennial,0.35,0.8,True,False,1.0,1886,2.0,2020-10-10T00:00:00Z,Reconsider Planting
Gladiolus undulatus,Wild Gladiolus,Iridaceae,introduced,naturalised,gladiolus undulatus,Very High Risk,herb,herbaceous,perennial,0.4,1.4,True,False,0.0,No local records found,8.0,2025-12-25T11:26:09Z,Reconsider Planting
Gleichenia dicarpa,Pouched Coral-fern | Wiry Coral Fern,Gleicheniaceae,native,native,gleichenia dicarpa,Not Assessed / No exact match,fern,herbaceous,perennial,1.5,3.0,False,False,1.0,1900,1.0,1900-02-14T00:00:00Z,Not Assessed
Gleichenia microphylla,Scrambling Coral-fern,Gleicheniaceae,native,native,gleichenia microphylla,Not Assessed / No exact match,fern,herbaceous,perennial,1.5,4.0,False,False,0.0,No local records found,1.0,1891-01-31T00:00:00Z,Not Assessed
Glossodia major,Wax-lip Orchid,Orchidaceae,native,native,glossodia major,Not Assessed / No exact match,herb,herbaceous,perennial,0.1,0.35,False,False,3.0,1968,3.0,1968-09-26T00:00:00Z,Not Assessed
Glyceria australis,Australian Sweet-grass,Poaceae,native,native,glyceria australis,Not Assessed / No exact match,graminoid herb,herbaceous,perennial,0.3,1.5,False,False,0.0,No local records found,1.0,1987-12-08T00:00:00Z,Not Assessed
Glyceria declinata,Manna grass,Poaceae,introduced,naturalised,glyceria declinata,Very High Risk,graminoid herb,herbaceous,perennial,0.1,1.0,True,False,1.0,1985,1.0,1985-09-14T00:00:00Z,Reconsider Planting
Glycine clandestina,Twining Glycine,Fabaceae,native,native,glycine clandestina,Not Assessed / No exact match,climber,herbaceous,perennial,1.0,2.0,False,False,1.0,1985,17.0,2026-08-29T11:19:29Z,Not Assessed
Gompholobium huegelii,Common Wedge-pea | Karaite,Fabaceae,native,native,gompholobium huegelii,Not Assessed / No exact match,shrub,woody,perennial,0.66,1.0,False,False,2.0,1894,9.0,1894-12-05T00:00:00Z,Not Assessed
Gonocarpus micranthus,,Haloragaceae,native,native,gonocarpus micranthus,Not Assessed / No exact match,herb,herbaceous,short_lived_perennial,0.019,0.6,False,False,5.0,1987,18.0,2026-02-16T06:58:50Z,Not Assessed
Gonocarpus micranthus subsp. micranthus,Creeping Raspwort,Haloragaceae,native,native,gonocarpus micranthus,Not Assessed / No exact match,herb,herbaceous,short_lived_perennial,0.019,0.6,False,False,5.0,1987,18.0,2026-02-16T06:58:50Z,Not Assessed
Gonocarpus micranthus subsp. ramosissimus,,Haloragaceae,native,native,gonocarpus micranthus,Not Assessed / No exact match,herb,herbaceous,short_lived_perennial,0.019,0.6,False,False,5.0,1987,18.0,2026-02-16T06:58:50Z,Not Assessed
Gonocarpus tetragynus,Common Raspwort,Haloragaceae,native,native,gonocarpus tetragynus,Not Assessed / No exact match,herb,herbaceous,perennial,0.1337,0.4,False,False,13.0,2009,28.0,2026-04-17T15:03:40Z,Not Assessed
Goodenia elongata,Lanky Goodenia,Goodeniaceae,native,native,goodenia elongata,Not Assessed / No exact match,herb,herbaceous,perennial,0.2,0.5,False,False,2.0,1899,2.0,1899-12-08T00:00:00Z,Not Assessed
Goodenia geniculata,Bent Goodenia,Goodeniaceae,native,native,goodenia geniculata,Not Assessed / No exact match,herb,herbaceous,perennial,0.0523,0.2,False,False,2.0,1985,2.0,1985-11-18T00:00:00Z,Not Assessed
Goodenia humilis,Swamp Goodenia,Goodeniaceae,native,native,goodenia humilis,Not Assessed / No exact match,herb,herbaceous,perennial,0.0355,0.2,False,False,2.0,1984,9.0,1984-12-21T00:00:00Z,Not Assessed
Goodenia ovata,Hop Goodenia,Goodeniaceae,native,native,goodenia ovata,Not Assessed / No exact match,shrub,woody,perennial,1.0,2.5,False,False,7.0,2009,158.0,2026-08-20T12:08:31Z,Not Assessed
Goodenia radicans,Shiny Swamp-mat,Goodeniaceae,native,native,goodenia radicans,Not Assessed / No exact match,herb,herbaceous,perennial,0.05,0.5,False,False,2.0,1907,4.0,1907-02-14T00:00:00Z,Not Assessed
Goodia lotifolia,Golden-tip,Fabaceae,native,native,goodia lotifolia,Not Assessed / No exact match,shrub,woody,perennial,1.0,4.0,False,False,1.0,2006,29.0,2026-03-18T14:50:57Z,Not Assessed
Gratiola peruviana,Austral Brooklime,Plantaginaceae,native,native,gratiola peruviana,Not Assessed / No exact match,herb,herbaceous,perennial,0.09,0.5,True,False,1.0,1984,1.0,1984-12-21T00:00:00Z,Not Assessed
Grevillea ilicifolia,Holly Grevillea | Holly-leaf Grevillea,Proteaceae,native,native,grevillea ilicifolia,Not Assessed / No exact match,shrub,woody,perennial,0.25,2.0,False,False,0.0,No local records found,1.0,1911-10-14T00:00:00Z,Not Assessed
Grevillea ilicifolia subsp. ilicifolia,,Proteaceae,native,native,grevillea ilicifolia,Not Assessed / No exact match,shrub,woody,perennial,0.25,2.0,False,False,0.0,No local records found,1.0,1911-10-14T00:00:00Z,Not Assessed
Grevillea robusta,Silky Oak,Proteaceae,introduced,adventive,grevillea robusta,Moderately High Risk,tree,woody,perennial,8.0,40.0,True,False,4.0,2013,317.0,2026-04-25T10:36:14Z,Use Caution
Grevillea rosmarinifolia,Rosemary Grevillea,Proteaceae,native,native,grevillea rosmarinifolia,Moderately High Risk,shrub,woody,perennial,0.2,2.0,True,False,3.0,2024,15.0,2026-07-15T15:03:17Z,Use Caution
Grevillea rosmarinifolia subsp. rosmarinifolia,,Proteaceae,native,native,grevillea rosmarinifolia,Moderately High Risk,shrub,woody,perennial,0.2,2.0,True,False,3.0,2024,15.0,2026-07-15T15:03:17Z,Use Caution
Gynatrix pulchella,Hemp Bush,Malvaceae,native,native,gynatrix pulchella,Not Assessed / No exact match,shrub,woody,perennial,3.0,5.0,False,False,3.0,2006,43.0,2026-04-25T08:54:18Z,Not Assessed
Hakea decurrens,Bushy Needlewood,Proteaceae,native,native,hakea decurrens,Not Assessed / No exact match,shrub,woody,perennial,0.3,5.0,False,False,1.0,2006,48.0,2026-08-15T13:30:52Z,Not Assessed
Hakea drupacea,Sweet-scented Hakea,Proteaceae,introduced,naturalised,hakea drupacea,High Risk,shrub,woody,perennial,1.0,4.0,True,False,1.0,2000,1.0,2000-04-26T00:00:00Z,Reconsider Planting
Hakea eriantha,Tree Hakea,Proteaceae,native,native,hakea eriantha,Not Assessed / No exact match,shrub,woody,perennial,1.0,15.0,False,False,0.0,No local records found,1.0,1986-07-22T00:00:00Z,Not Assessed
Hakea nodosa,Yellow Hakea,Proteaceae,native,native,hakea nodosa,Not Assessed / No exact match,shrub,woody,perennial,2.0,4.0,False,False,4.0,2006,82.0,2026-07-08T12:58:13Z,Not Assessed
Hakea salicifolia,,Proteaceae,introduced,Not available,hakea salicifolia,Very High Risk,shrub tree,woody,perennial,1.6,10.0,True,False,2.0,2006,12.0,2026-08-19T14:02:05Z,Reconsider Planting
Hakea salicifolia subsp. salicifolia,Willow-leaved Hakea,Proteaceae,introduced,naturalised,hakea salicifolia,Very High Risk,shrub tree,woody,perennial,1.6,10.0,True,False,2.0,2006,12.0,2026-08-19T14:02:05Z,Reconsider Planting
Hakea sericea,Silky Hakea,Proteaceae,introduced,naturalised,hakea sericea,Moderately High Risk,shrub,woody,perennial,0.6,4.5,True,False,2.0,1985,7.0,2023-07-13T00:00:00Z,Use Caution
Hakea ulicina,Furze Hakea,Proteaceae,native,native,hakea ulicina,Not Assessed / No exact match,shrub,woody,perennial,1.0,5.0,False,False,2.0,2006,16.0,2026-05-20T16:13:25Z,Not Assessed
Hardenbergia violacea,Purple Coral-pea,Fabaceae,native,native,hardenbergia violacea,Lower Risk,climber,herbaceous woody,perennial,0.3,2.5,False,False,2.0,1980,70.0,2026-09-04T12:07:31Z,Lower Concern
Hedera helix,English Ivy,Araliaceae,introduced,naturalised,hedera helix,Very High Risk,climber_woody shrub,woody,perennial,10.0,20.0,True,False,6.0,2006,14.0,2023-08-08T00:00:00Z,Reconsider Planting
Helianthus annuus,Common Sunflower,Asteraceae,introduced,naturalised,helianthus annuus,Lower Risk,herb,herbaceous,annual biennial,0.5,3.0,True,False,1.0,2000,1.0,2000-04-26T00:00:00Z,Lower Concern
Helminthotheca echioides,Ox-tongue,Asteraceae,introduced,naturalised,helminthotheca echioides,High Risk,herb,herbaceous,annual perennial,0.25,2.0,True,False,6.0,2013,18.0,2025-06-20T00:00:00Z,Reconsider Planting
Hemarthria uncinata,,Poaceae,native,native,hemarthria uncinata,Not Assessed / No exact match,graminoid herb,herbaceous,perennial,0.1,1.1,False,False,1.0,1962,1.0,1962-04-17T00:00:00Z,Not Assessed
Hemarthria uncinata var. uncinata,Mat Grass,Poaceae,native,native,hemarthria uncinata,Not Assessed / No exact match,graminoid herb,herbaceous,perennial,0.1,1.1,False,False,1.0,1962,1.0,1962-04-17T00:00:00Z,Not Assessed
Hennediella stanfordensis,,Pottiaceae,native,native,hennediella stanfordensis,Not Assessed / No exact match,,,,,,False,False,0.0,No local records found,1.0,,Not Assessed
Hibbertia acicularis,Prickly Guinea-flower,Dilleniaceae,native,native,hibbertia acicularis,Not Assessed / No exact match,shrub,woody,perennial,0.3,1.5,False,False,0.0,No local records found,3.0,2025-06-10T06:26:44Z,Not Assessed
Hibbertia fasciculata,,Dilleniaceae,native,native,hibbertia fasciculata,Not Assessed / No exact match,shrub,woody,perennial,0.2,1.0,False,False,0.0,No local records found,8.0,2025-10-03T07:44:31Z,Not Assessed
Hibbertia fasciculata var. prostrata,,Dilleniaceae,native,native,hibbertia fasciculata,Not Assessed / No exact match,shrub,woody,perennial,0.2,1.0,False,False,0.0,No local records found,8.0,2025-10-03T07:44:31Z,Not Assessed
Hibbertia riparia,,Dilleniaceae,native,native,hibbertia riparia,Not Assessed / No exact match,shrub,woody,perennial,0.5,1.2,False,False,3.0,1980,6.0,2024-09-24T12:05:00Z,Not Assessed
Holcus lanatus,Yorkshire Fog,Poaceae,introduced,naturalised,holcus lanatus,High Risk,graminoid herb,herbaceous,perennial,0.3,1.5,True,False,10.0,2010,45.0,2025-10-27T12:15:35Z,Reconsider Planting
Hordeum hystrix,Mediterranean Barley Grass,Poaceae,introduced,naturalised,hordeum hystrix,High Risk,graminoid herb,herbaceous,annual,0.2,0.5,True,False,1.0,2009,2.0,2020-02-06T00:00:00Z,Reconsider Planting
Hovea heterophylla,,Fabaceae,native,native,hovea heterophylla,Not Assessed / No exact match,subshrub,woody,perennial,0.3,1.0,False,False,2.0,2000,9.0,2000-10-12T00:00:00Z,Not Assessed
Hydrocotyle hirta,Hairy Pennywort,Araliaceae,native,native,hydrocotyle hirta,Not Assessed / No exact match,herb,herbaceous,perennial,0.02,0.1,False,False,2.0,1987,3.0,1987-02-01T00:00:00Z,Not Assessed
Hydrocotyle laxiflora,Stinking Pennywort,Araliaceae,native,native,hydrocotyle laxiflora,Not Assessed / No exact match,herb,herbaceous,perennial,0.02,0.2,False,False,1.0,1980,4.0,2023-07-13T00:00:00Z,Not Assessed
Hydrocotyle sibthorpioides,,Araliaceae,native,native,hydrocotyle sibthorpioides,Not Assessed / No exact match,herb,herbaceous,perennial,0.1,0.15,False,False,1.0,1920,1.0,,Not Assessed
Hypericum gramineum,Small St John's Wort,Hypericaceae,native,native,hypericum gramineum,Not Assessed / No exact match,herb,herbaceous,perennial,0.02,0.5,False,False,8.0,2010,18.0,2023-12-05T12:12:13Z,Not Assessed
Hypericum perforatum,St Johns Wort,Hypericaceae,introduced,Not available,hypericum perforatum,High Risk,herb,herbaceous,perennial,0.3,1.08,True,False,1.0,2009,1.0,2009-02-13T00:00:00Z,Reconsider Planting
Hypericum perforatum subsp. veronense,,Hypericaceae,introduced,naturalised,hypericum perforatum,High Risk,herb,herbaceous,perennial,0.3,1.08,True,False,1.0,2009,1.0,2009-02-13T00:00:00Z,Reconsider Planting
Hypnum cupressiforme,,Hypnaceae,native,native,hypnum cupressiforme,Not Assessed / No exact match,,,,,,False,False,0.0,No local records found,8.0,2025-04-25T15:47:43Z,Not Assessed
Hypochaeris glabra,Smooth Cat's-ear,Asteraceae,introduced,naturalised,hypochaeris glabra,Moderately High Risk,herb,herbaceous,annual,0.013529581,0.6,True,False,2.0,2009,4.0,2023-08-08T00:00:00Z,Use Caution
Hypochaeris radicata,Cat's-ear | Flat-weed,Asteraceae,introduced,naturalised,hypochaeris radicata,Moderately High Risk,herb,herbaceous,perennial,0.08,1.0,False,False,15.0,2013,65.0,2026-04-24T17:13:44Z,Use Caution
Hypolaena fastigiata,Tassel Rope-rush,Restionaceae,native,native,hypolaena fastigiata,Not Assessed / No exact match,graminoid herb,herbaceous,perennial,0.15,0.8,False,False,2.0,1900,21.0,2025-11-28T08:22:24Z,Not Assessed
Hypolepis rugosula,Ruddy Ground-fern,Dennstaedtiaceae,native,native,hypolepis rugosula,Not Assessed / No exact match,fern,herbaceous,perennial,0.4,2.0,True,False,1.0,1920,1.0,,Not Assessed
Hypoxis hygrometrica,Golden Weather-grass,Hypoxidaceae,native,native,hypoxis hygrometrica,Not Assessed / No exact match,herb,herbaceous,perennial,0.2,0.2,False,False,3.0,1985,7.0,2023-04-30T11:38:36Z,Not Assessed
Imperata cylindrica,Blady Grass | Kunai in Papua New Guinea,Poaceae,native,native,imperata cylindrica,Not Assessed / No exact match,graminoid,herbaceous,perennial,0.3,1.5,True,False,0.0,No local records found,1.0,,Not Assessed
Indigofera australis,Austral Indigo,Fabaceae,native,native,indigofera australis,Not Assessed / No exact match,shrub,woody,perennial,0.3,2.5,False,False,2.0,2006,211.0,2026-09-06T11:17:49Z,Not Assessed
Indigofera australis subsp. australis,,Fabaceae,native,native,indigofera australis,Not Assessed / No exact match,shrub,woody,perennial,0.3,2.5,False,False,2.0,2006,211.0,2026-09-06T11:17:49Z,Not Assessed
Ipomoea indica,Blue Morning Glory,Convolvulaceae,introduced,naturalised,ipomoea indica,High Risk,climber_herbaceous,herbaceous,perennial,,,True,False,2.0,2010,14.0,2026-07-17T11:42:03Z,Reconsider Planting
Isolepis cernua,Nodding Club-rush,Cyperaceae,native,native,isolepis cernua,Not Assessed / No exact match,graminoid herb,herbaceous,perennial,0.1,0.3,False,False,0.0,No local records found,3.0,2005-01-19T00:00:00Z,Not Assessed
Isolepis fluitans,Floating Club-rush,Cyperaceae,native,native,isolepis fluitans,Not Assessed / No exact match,graminoid herb,herbaceous,perennial,0.1,0.15,False,False,1.0,1984,1.0,1984-12-21T00:00:00Z,Not Assessed
Isolepis hookeriana,,Cyperaceae,native,native,isolepis hookeriana,Not Assessed / No exact match,,,,,,False,False,1.0,1984,0.0,No local records found,Not Assessed
Isolepis inundata,,Cyperaceae,native,native,isolepis inundata,Not Assessed / No exact match,graminoid herb,herbaceous,perennial,0.05,0.5,False,False,2.0,1984,7.0,2005-01-19T00:00:00Z,Not Assessed
Isolepis levynsiana,,Cyperaceae,introduced,naturalised,isolepis levynsiana,Medium Risk,graminoid herb,herbaceous,annual,0.02,0.12,True,False,4.0,1984,12.0,1991-11-29T00:00:00Z,Use Caution
Isolepis platycarpa,,Cyperaceae,native,native,isolepis platycarpa,Not Assessed / No exact match,graminoid herb,herbaceous,annual perennial short_lived_perennial,0.08,0.2,False,False,2.0,1985,2.0,1985-10-19T00:00:00Z,Not Assessed
Isolepis prolifera,,Cyperaceae,introduced,naturalised,isolepis prolifera,Lower Risk,graminoid herb,herbaceous,perennial,0.2,0.6,True,False,1.0,1912,1.0,,Lower Concern
Isolepis stellata,Star Club-rush,Cyperaceae,native,native,isolepis stellata,Not Assessed / No exact match,graminoid herb,herbaceous,annual,0.02,0.1,False,False,1.0,1984,1.0,1984-12-21T00:00:00Z,Not Assessed
Isopogon ceratophyllus,Horny Cone-bush,Proteaceae,native,native,isopogon ceratophyllus,Not Assessed / No exact match,shrub,woody,perennial,0.15,1.2,False,False,1.0,1941,1.0,1941-11-02T00:00:00Z,Not Assessed
Isotoma fluviatilis,,Campanulaceae,native,native,isotoma fluviatilis,Not Assessed / No exact match,herb,herbaceous,perennial,0.05,0.1,False,False,0.0,No local records found,1.0,1886-03-16T00:00:00Z,Not Assessed
Isotoma fluviatilis subsp. australis,Swamp Isotome,Campanulaceae,native,native,isotoma fluviatilis,Not Assessed / No exact match,herb,herbaceous,perennial,0.05,0.1,False,False,0.0,No local records found,1.0,1886-03-16T00:00:00Z,Not Assessed
Juncus amabilis,,Juncaceae,native,native,juncus amabilis,Not Assessed / No exact match,graminoid herb,herbaceous,perennial,0.45,1.2,False,False,2.0,1985,4.0,1994-03-02T00:00:00Z,Not Assessed
Juncus articulatus,,Juncaceae,introduced,Not available,juncus articulatus,High Risk,graminoid herb,herbaceous,perennial,0.2,0.7,True,False,3.0,2000,6.0,2005-01-19T00:00:00Z,Reconsider Planting
Juncus articulatus subsp. articulatus,Jointed Rush,Juncaceae,introduced,naturalised,juncus articulatus,High Risk,graminoid herb,herbaceous,perennial,0.2,0.7,True,False,3.0,2000,6.0,2005-01-19T00:00:00Z,Reconsider Planting
Juncus australis,Austral        Rush,Juncaceae,native,native,juncus australis,Not Assessed / No exact match,graminoid,herbaceous,perennial,1.0,1.2,False,False,1.0,1962,1.0,1962-04-17T00:00:00Z,Not Assessed
Juncus bufonius,Toad Rush,Juncaceae,uncertain,Not available,juncus bufonius,Lower Risk,graminoid herb,herbaceous,annual,0.02,0.3,True,False,4.0,1985,8.0,2023-12-20T11:42:31Z,Lower Concern
Juncus caespiticius,Grassy Rush | Tufted Rush,Juncaceae,native,native,juncus caespiticius,Not Assessed / No exact match,graminoid herb,herbaceous,perennial,0.09,0.75,False,False,0.0,No local records found,2.0,1892-01-07T00:00:00Z,Not Assessed
Juncus capitatus,,Juncaceae,introduced,naturalised,juncus capitatus,Moderately High Risk,graminoid herb,herbaceous,annual,0.04,0.16,True,False,0.0,No local records found,1.0,1991-11-29T00:00:00Z,Use Caution
Juncus gregiflorus,,Juncaceae,native,native,juncus gregiflorus,Not Assessed / No exact match,graminoid herb,herbaceous,perennial,1.4,3.0,False,False,1.0,1985,3.0,1994-03-02T00:00:00Z,Not Assessed
Juncus holoschoenus,,Juncaceae,native,native,juncus holoschoenus,Not Assessed / No exact match,graminoid herb,herbaceous,perennial,0.2,1.0,False,False,2.0,1987,5.0,1994-03-02T00:00:00Z,Not Assessed
Juncus pallescens,,Juncaceae,introduced,naturalised,juncus pallescens,High Risk,graminoid,herbaceous,perennial,,,True,False,1.0,1985,1.0,1985-10-19T00:00:00Z,Reconsider Planting
Juncus pallidus,,Juncaceae,native,native,juncus pallidus,Not Assessed / No exact match,graminoid,herbaceous,perennial,0.5,2.0,True,False,5.0,2010,15.0,2026-05-06T09:54:21Z,Not Assessed
Juncus pauciflorus,Loose-flower Rush,Juncaceae,native,native,juncus pauciflorus,Not Assessed / No exact match,graminoid herb,herbaceous,perennial,0.3,1.0,False,False,0.0,No local records found,5.0,2005-01-19T00:00:00Z,Not Assessed
Juncus planifolius,Broad-leaf Rush,Juncaceae,native,native,juncus planifolius,Not Assessed / No exact match,graminoid herb,herbaceous,perennial,0.3,0.75,False,False,4.0,1985,7.0,1985-10-19T00:00:00Z,Not Assessed
Juncus procerus,,Juncaceae,native,native,juncus procerus,Not Assessed / No exact match,graminoid herb,herbaceous,perennial,1.45,2.5,False,False,2.0,2024,3.0,2024-08-01T00:00:00Z,Not Assessed
Juncus sarophorus,Broom Rush,Juncaceae,native,native,juncus sarophorus,Not Assessed / No exact match,graminoid herb,herbaceous,perennial,1.7,2.0,False,False,5.0,2010,7.0,2017-02-08T00:00:00Z,Not Assessed
Juncus subsecundus,Finger Rush,Juncaceae,native,native,juncus subsecundus,Not Assessed / No exact match,graminoid herb,herbaceous,perennial,0.3,1.0,False,False,4.0,2009,6.0,2016-08-01T00:00:00Z,Not Assessed
Juncus usitatus,Common Rush,Juncaceae,native,native,juncus usitatus,Not Assessed / No exact match,graminoid herb,herbaceous,perennial,0.6,1.2,True,False,1.0,1980,2.0,2023-07-13T00:00:00Z,Not Assessed
Kennedia prostrata,Running Postman,Fabaceae,native,native,kennedia prostrata,Not Assessed / No exact match,herb,herbaceous,perennial,0.0463,6.0,False,False,3.0,1980,39.0,2026-07-26T14:10:49Z,Not Assessed
Kindbergia praelonga,,Brachytheciaceae,introduced,naturalised,kindbergia praelonga,Not Assessed / No exact match,,,,,,True,False,0.0,No local records found,4.0,2021-09-19T08:29:49Z,Not Assessed
Lachnagrostis filiformis,,Poaceae,native,native,lachnagrostis filiformis,Not Assessed / No exact match,tussock,herbaceous,annual,0.15,1.0,False,False,5.0,2010,12.0,2026-04-08T10:21:26Z,Not Assessed
Lactuca serriola,Prickly Lettuce,Asteraceae,introduced,Not available,lactuca serriola,Lower Risk,herb,herbaceous,biennial,0.36,2.0,True,False,4.0,2009,13.0,2025-10-24T17:10:05Z,Lower Concern
Lagenophora stipitata,Blue Bottle-daisy,Asteraceae,native,native,lagenophora stipitata,Not Assessed / No exact match,herb,herbaceous,perennial,0.1,0.4,True,False,4.0,1980,5.0,2022-11-14T14:49:49Z,Not Assessed
Lagenophora sublyrata,Slender Bottle-daisy,Asteraceae,native,native,lagenophora sublyrata,Not Assessed / No exact match,herb,herbaceous,perennial,,,False,False,1.0,1987,2.0,1987-12-08T00:00:00Z,Not Assessed
Laphangium luteoalbum,Jersey Cudweed,Asteraceae,native,native,laphangium luteoalbum,Not Assessed / No exact match,,,,,,False,False,6.0,2022,0.0,No local records found,Not Assessed
Lapsana communis,,Asteraceae,introduced,Not available,lapsana communis,Lower Risk,herb,herbaceous,annual biennial,1.0,1.25,True,False,0.0,No local records found,4.0,2023-07-13T00:00:00Z,Lower Concern
Lapsana communis subsp. communis,Nipplewort,Asteraceae,introduced,naturalised,lapsana communis,Lower Risk,herb,herbaceous,annual biennial,1.0,1.25,True,False,0.0,No local records found,4.0,2023-07-13T00:00:00Z,Lower Concern
Lemna disperma,Common Duckweed,Araceae,native,native,lemna disperma,Not Assessed / No exact match,herb,herbaceous,perennial,0.01,0.05,False,False,1.0,2007,1.0,2007-09-24T00:00:00Z,Not Assessed
Leontodon saxatilis,Lesser Hawkbit | Hairy Hawkbit,Asteraceae,introduced,Not available,leontodon saxatilis,Not Assessed / No exact match,herb,herbaceous,biennial perennial,0.15,0.4,True,False,3.0,2010,5.0,2024-12-27T13:05:00Z,Not Assessed
Leontodon saxatilis subsp. saxatilis,Lesser Hawkbit | Hairy Hawkbit,Asteraceae,introduced,naturalised,leontodon saxatilis,Not Assessed / No exact match,herb,herbaceous,biennial perennial,0.15,0.4,True,False,3.0,2010,5.0,2024-12-27T13:05:00Z,Not Assessed
Lepidium africanum,Common Peppercress | Rubble Peppercress,Brassicaceae,introduced,naturalised,lepidium africanum,Moderately High Risk,herb,herbaceous,annual perennial,0.1,0.8,True,False,2.0,2010,5.0,2025-05-28T15:11:12Z,Use Caution
Lepidium didymum,Lesser Swine's Cress,Brassicaceae,introduced,naturalised,lepidium didymum,High Risk,herb,herbaceous,annual perennial,0.15,0.3,True,False,1.0,1985,1.0,1985-10-19T00:00:00Z,Reconsider Planting
Lepidosperma elatius,Tall Sword-sedge,Cyperaceae,native,native,lepidosperma elatius,Not Assessed / No exact match,tussock,herbaceous,perennial,0.65,0.65,False,False,2.0,1985,6.0,1985-11-28T00:00:00Z,Not Assessed
Lepidosperma filiforme,Common Rapier-sedge,Cyperaceae,native,native,lepidosperma filiforme,Not Assessed / No exact match,herb,herbaceous,perennial,0.7,0.7,False,False,1.0,1912,1.0,1912-08-10T00:00:00Z,Not Assessed
Lepidosperma gladiatum,Coast Sword-sedge,Cyperaceae,native,native,lepidosperma gladiatum,Not Assessed / No exact match,graminoid herb,herbaceous,perennial,0.5,3.0,False,False,0.0,No local records found,1.0,1895-04-13T00:00:00Z,Not Assessed
Lepidosperma gunnii,Little Sword-sedge,Cyperaceae,native,native,lepidosperma gunnii,Not Assessed / No exact match,graminoid herb,herbaceous,perennial,,,False,False,5.0,2009,9.0,2023-07-13T00:00:00Z,Not Assessed
Lepidosperma laterale,Variable Sword-sedge,Cyperaceae,native,native,lepidosperma laterale,Not Assessed / No exact match,herb,herbaceous,perennial,0.98,1.0,True,False,5.0,2006,13.0,2006-07-17T00:00:00Z,Not Assessed
Lepidosperma longitudinale,Pithy Sword-sedge,Cyperaceae,native,native,lepidosperma longitudinale,Not Assessed / No exact match,graminoid herb,herbaceous,perennial,0.1,2.0,False,False,0.0,No local records found,2.0,1895-04-13T00:00:00Z,Not Assessed
Lepidosperma sieberi,Sandhill Sword-sedge,Cyperaceae,native,native,lepidosperma sieberi,Not Assessed / No exact match,graminoid herb,herbaceous,perennial,0.2,0.45,False,False,0.0,No local records found,1.0,1889-02-22T00:00:00Z,Not Assessed
Leptinella reptans,,Asteraceae,native,native,leptinella reptans,Not Assessed / No exact match,herb,herbaceous,perennial,0.05,0.15,False,False,0.0,No local records found,1.0,,Not Assessed
Leptobryum pyriforme,,Meesiaceae,uncertain,Not available,leptobryum pyriforme,Not Assessed / No exact match,,,,,,False,False,0.0,No local records found,1.0,1972-09-20T00:00:00Z,Not Assessed
Leptocarpus tenax,Slender Twine-rush,Restionaceae,native,native,leptocarpus tenax,Not Assessed / No exact match,graminoid herb,herbaceous,perennial,0.4,1.0,False,False,1.0,1969,1.0,1969-09-01T00:00:00Z,Not Assessed
Leptoceras menziesii,,Orchidaceae,native,native,leptoceras menziesii,Not Assessed / No exact match,herb,herbaceous,perennial,0.06,0.3,False,False,3.0,1982,3.0,1982-10-10T00:00:00Z,Not Assessed
Leptodictyum riparium,,Amblystegiaceae,native,native,leptodictyum riparium,Not Assessed / No exact match,,,,,,False,False,0.0,No local records found,1.0,2023-11-30T00:00:00Z,Not Assessed
Leptorhynchos squamatus,Scaly Buttons,Asteraceae,native,native,leptorhynchos squamatus,Not Assessed / No exact match,herb,herbaceous,perennial,0.06,1.089,False,False,0.0,No local records found,2.0,1991-11-29T00:00:00Z,Not Assessed
Leptorhynchos tenuifolius,Wiry Buttons,Asteraceae,native,native,leptorhynchos tenuifolius,Not Assessed / No exact match,herb,herbaceous,perennial,0.1,0.4,False,False,6.0,1980,12.0,1985-04-01T00:00:00Z,Not Assessed
Leptospermum continentale,Prickly Teatree,Myrtaceae,native,native,leptospermum continentale,Not Assessed / No exact match,shrub,woody,perennial,1.0,4.0,False,False,9.0,2006,37.0,2025-09-18T09:51:44Z,Not Assessed
Leptospermum lanigerum,Woolly Teatree,Myrtaceae,native,native,leptospermum lanigerum,Not Assessed / No exact match,tree,woody,perennial,3.0,30.0,False,False,1.0,2006,8.0,2024-09-23T16:17:12Z,Not Assessed
Leptospermum scoparium,Manuka | Broom Teatree,Myrtaceae,native,native,leptospermum scoparium,Not Assessed / No exact match,shrub,woody,perennial,2.0,5.0,False,False,0.0,No local records found,1.0,1989-12-28T00:00:00Z,Not Assessed
Lepyrodia muelleri,Common Scale-rush | Erect Scale-rush,Restionaceae,native,native,lepyrodia muelleri,Not Assessed / No exact match,graminoid herb,herbaceous,perennial,0.7,0.7,False,False,2.0,1912,7.0,1912-06-22T00:00:00Z,Not Assessed
Leucophyta brownii,Cushion Bush,Asteraceae,native,native,leucophyta brownii,Not Assessed / No exact match,shrub,woody,perennial,1.0,1.0,False,False,0.0,No local records found,0.0,No local records found,Not Assessed
Leucopogon parviflorus,Coast Beard-heath,Ericaceae,native,native,leucopogon parviflorus,Not Assessed / No exact match,shrub,woody,perennial,0.3,5.0,False,False,0.0,No local records found,0.0,No local records found,Not Assessed
Leucopogon virgatus,Common Beard-heath,Ericaceae,native,native,leucopogon virgatus,Not Assessed / No exact match,shrub,woody,perennial,0.35,1.0,False,False,0.0,No local records found,18.0,2026-09-03T10:50:22Z,Not Assessed
Leucopogon virgatus var. virgatus,,Ericaceae,native,native,leucopogon virgatus,Not Assessed / No exact match,shrub,woody,perennial,0.35,1.0,False,False,0.0,No local records found,18.0,2026-09-03T10:50:22Z,Not Assessed
Levenhookia dubia,Hairy Stylewort,Stylidiaceae,native,native,levenhookia dubia,Not Assessed / No exact match,herb,herbaceous,annual,0.01,0.08,False,False,0.0,No local records found,1.0,1885-10-01T00:00:00Z,Not Assessed
Lewinskya tasmanica,,Orthotrichaceae,native,native,lewinskya tasmanica,Not Assessed / No exact match,,,,,,False,False,0.0,No local records found,0.0,No local records found,Not Assessed
Lewinskya tasmanica var. tasmanica,,Orthotrichaceae,native,native,lewinskya tasmanica,Not Assessed / No exact match,,,,,,False,False,0.0,No local records found,0.0,No local records found,Not Assessed
Ligustrum lucidum,Large-leaved Privet,Oleaceae,introduced,naturalised,ligustrum lucidum,Very High Risk,shrub tree,woody,perennial,3.0,20.0,True,False,0.0,No local records found,26.0,2025-08-09T14:38:00Z,Reconsider Planting
Ligustrum ovalifolium,Japanese Privet | Hedge Privet | California Privet,Oleaceae,introduced,adventive,ligustrum ovalifolium,High Risk,shrub,woody,perennial,5.0,5.0,True,False,1.0,2000,1.0,2000-04-26T00:00:00Z,Reconsider Planting
Lindsaea linearis,Screw Fern,Lindsaeaceae,native,native,lindsaea linearis,Not Assessed / No exact match,fern,herbaceous,perennial,0.07,0.5,False,False,0.0,No local records found,4.0,1986-11-01T00:00:00Z,Not Assessed
Linum trigynum,French Flax,Linaceae,introduced,naturalised,linum trigynum,Medium Risk,herb,herbaceous,annual,0.1,0.7,True,False,1.0,2000,1.0,2000-10-12T00:00:00Z,Use Caution
Lobelia anceps,Angled Lobelia,Campanulaceae,native,native,lobelia anceps,Not Assessed / No exact match,herb,herbaceous,perennial,0.2,1.2,False,False,5.0,1898,6.0,2026-04-27T09:18:21Z,Not Assessed
Lobelia concolor,Poison Pratia,Campanulaceae,native,native,lobelia concolor,Not Assessed / No exact match,herb,herbaceous,perennial,1.1,1.1,False,False,0.0,No local records found,1.0,,Not Assessed
Lobelia gibbosa,Tall Lobelia,Campanulaceae,native,native,lobelia gibbosa,Not Assessed / No exact match,herb,herbaceous,annual,0.037,0.65,False,False,0.0,No local records found,1.0,1885-01-25T00:00:00Z,Not Assessed
Lobelia pedunculata,Matted Pratia,Campanulaceae,native,native,lobelia pedunculata,Not Assessed / No exact match,herb,herbaceous,perennial,0.02,0.1,True,False,1.0,1998,1.0,1998-06-01T00:00:00Z,Not Assessed
Lobelia pratioides,Poison Lobelia,Campanulaceae,native,native,lobelia pratioides,Not Assessed / No exact match,herb,herbaceous,perennial,0.05,0.0858,False,False,2.0,1904,0.0,No local records found,Not Assessed
Lobelia simplicicaulis,,Campanulaceae,native,native,lobelia simplicicaulis,Not Assessed / No exact match,herb,herbaceous,annual perennial,0.15,0.9,False,False,0.0,No local records found,1.0,1885-01-25T00:00:00Z,Not Assessed
Lobularia maritima,Sweet Alyssum | Sweet Alice,Brassicaceae,introduced,naturalised,lobularia maritima,Medium Risk,herb,herbaceous,perennial,0.05,0.4,True,False,0.0,No local records found,2.0,2024-04-29T16:28:49Z,Use Caution
Lolium perenne,Perennial Ryegrass,Poaceae,introduced,naturalised,lolium perenne,Medium Risk,graminoid herb,herbaceous,perennial,0.08,1.2,True,False,6.0,2010,32.0,2024-11-06T15:36:00Z,Use Caution
Lolium rigidum,Wimmera Rye-grass,Poaceae,introduced,naturalised,lolium rigidum,Medium Risk,graminoid herb,herbaceous,annual,0.3,1.2,True,False,2.0,2009,3.0,2009-07-16T00:00:00Z,Use Caution
Lomandra filiformis,,Asparagaceae,native,native,lomandra filiformis,Not Assessed / No exact match,tussock,herbaceous,perennial,0.1967,0.54,False,False,14.0,2009,34.0,2026-04-24T10:24:30Z,Not Assessed
Lomandra filiformis subsp. coriacea,Wattle Mat-rush,Asparagaceae,native,native,lomandra filiformis,Not Assessed / No exact match,tussock,herbaceous,perennial,0.1967,0.54,False,False,14.0,2009,34.0,2026-04-24T10:24:30Z,Not Assessed
Lomandra filiformis subsp. filiformis,,Asparagaceae,native,native,lomandra filiformis,Not Assessed / No exact match,tussock,herbaceous,perennial,0.1967,0.54,False,False,14.0,2009,34.0,2026-04-24T10:24:30Z,Not Assessed
Lomandra longifolia,Spiny-headed Mat-rush | Karawun,Asparagaceae,native,native,lomandra longifolia,Not Assessed / No exact match,herb,herbaceous,perennial,0.4,1.0,False,False,10.0,2022,141.0,2026-08-20T11:52:42Z,Not Assessed
Lomandra longifolia subsp. longifolia,,Asparagaceae,native,native,lomandra longifolia,Not Assessed / No exact match,herb,herbaceous,perennial,0.4,1.0,False,False,10.0,2022,141.0,2026-08-20T11:52:42Z,Not Assessed
Lomandra multiflora,,Asparagaceae,native,native,lomandra multiflora,Not Assessed / No exact match,tussock,herbaceous,perennial,0.3,0.9,False,False,0.0,No local records found,3.0,2023-05-07T15:44:56Z,Not Assessed
Lomandra multiflora subsp. multiflora,Many-flowered Mat-rush,Asparagaceae,native,native,lomandra multiflora,Not Assessed / No exact match,tussock,herbaceous,perennial,0.3,0.9,False,False,0.0,No local records found,3.0,2023-05-07T15:44:56Z,Not Assessed
Lonicera japonica,Japanese Honeysuckle,Caprifoliaceae,introduced,naturalised,lonicera japonica,Very High Risk,climber shrub,woody,perennial,2.0,10.0,True,False,2.0,2000,26.0,2025-12-26T07:51:29Z,Reconsider Planting
Lotus angustissimus,Slender Bird's-foot Trefoil,Fabaceae,introduced,naturalised,lotus angustissimus,Moderately High Risk,herb,herbaceous,annual perennial,0.02,0.4,True,False,0.0,No local records found,4.0,2005-01-19T00:00:00Z,Use Caution
Lotus subbiflorus,,Fabaceae,introduced,naturalised,lotus subbiflorus,High Risk,herb,herbaceous,annual,0.6,0.7,True,False,1.0,2000,2.0,2000-10-12T00:00:00Z,Reconsider Planting
Lotus uliginosus,Greater Bird's-foot Trefoil,Fabaceae,introduced,naturalised,lotus uliginosus,High Risk,herb,herbaceous,perennial,0.1,0.8,True,False,0.0,No local records found,1.0,1994-03-02T00:00:00Z,Reconsider Planting
Luzula meridionalis,,Juncaceae,native,native,luzula meridionalis,Not Assessed / No exact match,graminoid herb,herbaceous,perennial,0.1,0.5,False,False,2.0,1998,2.0,1998-06-01T00:00:00Z,Not Assessed
Luzula meridionalis var. densiflora,,Juncaceae,native,native,luzula meridionalis,Not Assessed / No exact match,graminoid herb,herbaceous,perennial,0.1,0.5,False,False,2.0,1998,2.0,1998-06-01T00:00:00Z,Not Assessed
Lycopodiella lateralis,Slender Club-moss,Lycopodiaceae,native,native,lycopodiella lateralis,Not Assessed / No exact match,,,,,,False,False,2.0,1895,0.0,No local records found,Not Assessed
Lyperanthus suaveolens,Brown-beaks,Orchidaceae,native,native,lyperanthus suaveolens,Not Assessed / No exact match,herb,herbaceous,perennial,0.18,0.44,False,False,1.0,1932,1.0,1932-09-24T00:00:00Z,Not Assessed
Lysimachia arvensis,Pimpernel,Primulaceae,introduced,naturalised,lysimachia arvensis,Moderately High Risk,herb,herbaceous,annual,0.02,0.45,True,False,8.0,2024,24.0,2025-12-30T13:53:45Z,Use Caution
Lysimachia minima,Kause Chaffweed,Primulaceae,introduced,naturalised,lysimachia minima,Moderately High Risk,herb,herbaceous,annual,0.05,0.05,True,False,1.0,1984,1.0,1984-12-21T00:00:00Z,Use Caution
Lythrum hyssopifolia,Lesser Loosestrife | Small Loosestrife,Lythraceae,uncertain,Not available,lythrum hyssopifolia,Lower Risk,herb,herbaceous,annual,0.05,0.6,True,False,7.0,2007,11.0,2026-04-29T07:46:27Z,Lower Concern
Lythrum junceum,Mediterranean Loosestrife,Lythraceae,introduced,naturalised,lythrum junceum,Medium Risk,herb,herbaceous,perennial,0.5,1.0,True,False,3.0,1991,13.0,2025-03-13T11:06:48Z,Use Caution
Lythrum salicaria,Purple Loosestrife,Lythraceae,uncertain,Not available,lythrum salicaria,Lower Risk,herb,herbaceous,perennial,0.5,1.8,True,False,0.0,No local records found,16.0,2026-01-22T11:46:31Z,Lower Concern
Machaerina acuta,,Cyperaceae,native,native,machaerina acuta,Not Assessed / No exact match,graminoid herb,herbaceous,perennial,0.2,1.0,False,False,0.0,No local records found,1.0,1894-11-17T00:00:00Z,Not Assessed
Machaerina articulata,,Cyperaceae,native,native,machaerina articulata,Not Assessed / No exact match,graminoid herb,herbaceous,perennial,,,False,False,0.0,No local records found,7.0,1896-01-18T00:00:00Z,Not Assessed
Machaerina juncea,,Cyperaceae,native,native,machaerina juncea,Not Assessed / No exact match,graminoid herb,herbaceous,perennial,0.2,1.2,False,False,0.0,No local records found,0.0,No local records found,Not Assessed
Machaerina rubiginosa,,Cyperaceae,native,native,machaerina rubiginosa,Not Assessed / No exact match,graminoid herb,herbaceous,perennial,1.0,4.0,False,False,0.0,No local records found,1.0,,Not Assessed
Malva nicaeensis,Mallow of Nice,Malvaceae,introduced,naturalised,malva nicaeensis,High Risk,herb,herbaceous,annual biennial short_lived_perennial,0.5,0.5,True,False,3.0,2010,3.0,2010-04-21T00:00:00Z,Reconsider Planting
Malva parviflora,Small-flowered Mallow,Malvaceae,introduced,naturalised,malva parviflora,High Risk,herb,herbaceous,annual,0.05,1.2,True,False,1.0,2000,6.0,2025-07-21T13:41:00Z,Reconsider Planting
Marrubium vulgare,Horehound,Lamiaceae,introduced,naturalised,marrubium vulgare,High Risk,herb,woody,perennial,0.6,0.9,True,False,0.0,No local records found,2.0,1997-05-15T00:00:00Z,Reconsider Planting
Marsilea mutica,Smooth Nardoo,Marsileaceae,uncertain,Not available,marsilea mutica,Not Assessed / No exact match,fern,herbaceous,perennial,0.05,1.5,True,False,1.0,1998,2.0,2025-03-10T12:41:56Z,Not Assessed
Matthiola incana,Stock | Gilliflower,Brassicaceae,introduced,naturalised,matthiola incana,Medium Risk,herb,herbaceous woody,perennial,0.1,1.0,True,False,1.0,2007,1.0,2007-11-12T00:00:00Z,Use Caution
Medicago arabica,Spotted Medic,Fabaceae,introduced,naturalised,medicago arabica,High Risk,herb,herbaceous,annual,,,True,False,1.0,2013,6.0,2025-07-04T13:06:51Z,Reconsider Planting
Medicago polymorpha,Burr Medic,Fabaceae,introduced,naturalised,medicago polymorpha,Moderately High Risk,herb,herbaceous,annual,0.04,0.5,True,False,5.0,2010,11.0,2026-04-15T08:25:55Z,Use Caution
Melaleuca armillaris,,Myrtaceae,native,native,melaleuca armillaris,Moderately High Risk,shrub,woody,perennial,5.0,8.0,False,False,6.0,2010,9.0,2022-04-29T10:09:18Z,Use Caution
Melaleuca armillaris subsp. armillaris,Giant Honey-myrtle,Myrtaceae,native,native,melaleuca armillaris,Moderately High Risk,shrub,woody,perennial,5.0,8.0,False,False,6.0,2010,9.0,2022-04-29T10:09:18Z,Use Caution
Melaleuca ericifolia,Swamp Paperbark,Myrtaceae,native,native,melaleuca ericifolia,Not Assessed / No exact match,shrub,woody,perennial,6.0,9.0,False,False,15.0,2024,48.0,2026-04-24T17:09:12Z,Not Assessed
Melaleuca lanceolata,,Myrtaceae,native,native,melaleuca lanceolata,Not Assessed / No exact match,shrub tree,woody,perennial,1.0,10.0,True,False,0.0,No local records found,1.0,2020-02-06T00:00:00Z,Not Assessed
Melaleuca squarrosa,Scented Paperbark,Myrtaceae,native,native,melaleuca squarrosa,Not Assessed / No exact match,shrub,woody,perennial,3.0,15.0,False,False,2.0,1949,17.0,2023-07-13T00:00:00Z,Not Assessed
Melia azedarach,White Cedar,Meliaceae,introduced,naturalised,melia azedarach,Medium Risk,tree,woody,perennial,2.0,45.0,True,False,1.0,2010,246.0,2025-05-13T11:35:41Z,Use Caution
Melicytus dentatus,,Violaceae,native,native,melicytus dentatus,Not Assessed / No exact match,shrub,woody,perennial,2.0,5.0,False,False,5.0,2024,118.0,2026-09-04T12:16:26Z,Not Assessed
Mentha australis,River Mint,Lamiaceae,native,native,mentha australis,Not Assessed / No exact match,herb,herbaceous,perennial,0.1,0.8,True,False,0.0,No local records found,13.0,2025-11-28T17:37:40Z,Not Assessed
Mentha pulegium,Pennyroyal,Lamiaceae,introduced,naturalised,mentha pulegium,High Risk,herb,herbaceous,perennial,0.15,0.7,True,False,0.0,No local records found,1.0,1893-02-04T00:00:00Z,Reconsider Planting
Mentha ×rotundifolia,Apple Mint,Lamiaceae,introduced,naturalised,mentha rotundifolia,Not Assessed / No exact match,,,,,,True,False,0.0,No local records found,0.0,No local records found,Not Assessed
Microlaena stipoides,,Poaceae,native,native,microlaena stipoides,Not Assessed / No exact match,graminoid,herbaceous,perennial,0.25,1.0,False,False,16.0,2013,41.0,2026-06-09T13:38:00Z,Not Assessed
Microlaena stipoides var. stipoides,Weeping grass,Poaceae,native,native,microlaena stipoides,Not Assessed / No exact match,graminoid,herbaceous,perennial,0.25,1.0,False,False,16.0,2013,41.0,2026-06-09T13:38:00Z,Not Assessed
Microseris scapigera,,Asteraceae,native,native,microseris scapigera,Not Assessed / No exact match,herb,herbaceous,perennial,0.05,0.8,False,False,2.0,1980,2.0,1980-01-11T00:00:00Z,Not Assessed
Microtis atrata,Yellow Onion-orchid | Swamp Onion-orchid,Orchidaceae,native,native,microtis atrata,Not Assessed / No exact match,herb,herbaceous,perennial,0.04,0.2,False,False,2.0,1927,4.0,1893-11-11T00:00:00Z,Not Assessed
Microtis parviflora,Slender Onion-orchid,Orchidaceae,native,native,microtis parviflora,Not Assessed / No exact match,herb,herbaceous,perennial,0.07,0.5,False,False,3.0,1975,6.0,2019-11-25T10:41:00Z,Not Assessed
Microtis unifolia,Common Onion-orchid,Orchidaceae,native,native,microtis unifolia,Not Assessed / No exact match,herb,herbaceous,perennial,0.05,0.9,False,False,1.0,1985,2.0,1991-11-29T00:00:00Z,Not Assessed
Mirabilis jalapa,Marvel of Peru,Nyctaginaceae,introduced,adventive,mirabilis jalapa,Lower Risk,herb,herbaceous,perennial,0.5,2.0,True,False,0.0,No local records found,1.0,2020-04-23T00:00:00Z,Lower Concern
Modiola caroliniana,Red-flowered Mallow,Malvaceae,introduced,naturalised,modiola caroliniana,Medium Risk,herb,herbaceous,perennial,0.25,0.25,True,False,7.0,2010,20.0,2026-04-25T10:08:33Z,Use Caution
Moenchia erecta,Erect Chickweed | Upright Chickweed,Caryophyllaceae,introduced,naturalised,moenchia erecta,Moderately High Risk,herb,herbaceous,annual,0.03,0.2,True,False,0.0,No local records found,2.0,2020-10-01T00:00:00Z,Use Caution
Monotoca scoparia,Prickly Broom-heath,Ericaceae,native,native,monotoca scoparia,Not Assessed / No exact match,shrub,woody,perennial,0.3,2.5,False,False,2.0,1899,17.0,1899-02-09T00:00:00Z,Not Assessed
Montia australasica,,Montiaceae,native,native,montia australasica,Not Assessed / No exact match,herb,herbaceous,perennial,0.03,0.3,False,False,2.0,2007,3.0,2023-10-14T13:04:00Z,Not Assessed
Muellerina celastroides,Coast Mistletoe,Loranthaceae,native,native,muellerina celastroides,Not Assessed / No exact match,shrub,woody,perennial,,,False,False,0.0,No local records found,1.0,1896-02-01T00:00:00Z,Not Assessed
Muellerina eucalyptoides,Creeping Mistletoe,Loranthaceae,native,native,muellerina eucalyptoides,Not Assessed / No exact match,shrub,woody,perennial,25.0,25.0,False,False,0.0,No local records found,8.0,2026-08-31T11:43:46Z,Not Assessed
Myosotis sylvatica,Wood Forget-me-not,Boraginaceae,introduced,naturalised,myosotis sylvatica,Very High Risk,herb,herbaceous,biennial perennial,0.2,0.4,True,False,2.0,2006,6.0,2024-09-20T10:18:16Z,Reconsider Planting
Myriophyllum crispatum,Water-milfoil,Haloragaceae,native,native,myriophyllum crispatum,Not Assessed / No exact match,herb,herbaceous,perennial,0.1,0.6,True,False,1.0,2007,4.0,2007-09-24T00:00:00Z,Not Assessed
Myriophyllum integrifolium,Tiny Water-milfoil,Haloragaceae,native,native,myriophyllum integrifolium,Not Assessed / No exact match,herb,herbaceous,annual,0.02,0.05,False,False,1.0,1901,0.0,No local records found,Not Assessed
Myrsine howittiana,,Primulaceae,native,native,myrsine howittiana,Not Assessed / No exact match,tree,woody,perennial,2.0,23.0,False,False,0.0,No local records found,10.0,2025-04-26T13:15:23Z,Not Assessed
Nassella trichotoma,Serrated Tussock,Poaceae,introduced,naturalised,nassella trichotoma,Very High Risk,graminoid herb,herbaceous,perennial,0.5,0.7,True,False,0.0,No local records found,5.0,2025-06-20T00:00:00Z,Reconsider Planting
Nasturtium officinale,,Brassicaceae,introduced,naturalised,nasturtium officinale,Moderately High Risk,,,,,,True,False,0.0,No local records found,0.0,No local records found,Use Caution
Navarretia squarrosa,Californian Stinkweed,Polemoniaceae,introduced,naturalised,navarretia squarrosa,Medium Risk,herb,herbaceous,annual,0.05,0.57,True,False,0.0,No local records found,1.0,,Use Caution
Olearia astroloba,Marble Daisy-bush,Asteraceae,native,native,olearia astroloba,Not Assessed / No exact match,shrub,woody,perennial,0.5,0.5,False,False,0.0,No local records found,1.0,1994-10-07T00:00:00Z,Not Assessed
Olearia axillaris,Coast Daisy-bush,Asteraceae,native,native,olearia axillaris,Not Assessed / No exact match,shrub,woody,perennial,0.5,3.0,False,False,0.0,No local records found,0.0,No local records found,Not Assessed
Olearia glandulosa,Swamp Daisy-bush,Asteraceae,native,native,olearia glandulosa,Not Assessed / No exact match,shrub,woody,perennial,1.5,2.4,False,False,0.0,No local records found,4.0,1894-02-17T00:00:00Z,Not Assessed
Olearia iodochroa,,Asteraceae,native,native,olearia iodochroa,Not Assessed / No exact match,shrub,woody,perennial,1.0,1.0,False,False,0.0,No local records found,0.0,No local records found,Not Assessed
Olearia ramulosa,Twiggy Daisy-bush,Asteraceae,native,native,olearia ramulosa,Not Assessed / No exact match,shrub,woody,perennial,0.3,2.5,False,False,1.0,1890,15.0,2026-03-23T14:06:08Z,Not Assessed
Oloptum miliaceum,Rice Millet,Poaceae,introduced,naturalised,oloptum miliaceum,Not Assessed / No exact match,,,,,,True,False,1.0,2009,0.0,No local records found,Not Assessed
Ononis repens,Restharrow,Fabaceae,introduced,adventive,ononis repens,Lower Risk,shrub,woody,perennial,0.4,0.7,True,False,1.0,1969,1.0,1969-09-30T00:00:00Z,Lower Concern
Opercularia ovata,Broad-leaf Stinkweed,Rubiaceae,native,native,opercularia ovata,Not Assessed / No exact match,herb,herbaceous woody,perennial,0.1,0.3,False,False,0.0,No local records found,1.0,1991-11-29T00:00:00Z,Not Assessed
Opercularia varia,Variable Stinkweed,Rubiaceae,native,native,opercularia varia,Not Assessed / No exact match,herb,herbaceous woody,perennial,0.28,0.3,False,False,6.0,1998,14.0,1998-06-01T00:00:00Z,Not Assessed
Ornduffia reniformis,,Menyanthaceae,native,native,ornduffia reniformis,Not Assessed / No exact match,herb,herbaceous,perennial,0.3,1.3,False,False,0.0,No local records found,4.0,2025-11-19T14:16:03Z,Not Assessed
Orthoceras strictum,Horned Orchid,Orchidaceae,native,native,orthoceras strictum,Not Assessed / No exact match,herb,herbaceous,perennial,0.15,0.8,False,False,3.0,1901,3.0,,Not Assessed
Oxalis corniculata,Yellow Wood-sorrel | Creeping Wood-sorrel,Oxalidaceae,introduced,Not available,oxalis corniculata,Lower Risk,herb,herbaceous,perennial,0.02,0.3,True,False,9.0,2009,16.0,2016-10-10T00:00:00Z,Lower Concern
Oxalis exilis,Shade Wood-sorrel,Oxalidaceae,native,native,oxalis exilis,Not Assessed / No exact match,herb,herbaceous,perennial,0.3,0.5,False,False,3.0,2007,5.0,2016-10-10T00:00:00Z,Not Assessed
Oxalis incarnata,Pale Wood-sorrel,Oxalidaceae,introduced,naturalised,oxalis incarnata,Very High Risk,herb,herbaceous,perennial,0.1,0.2,True,False,2.0,2000,12.0,2026-04-26T10:31:24Z,Reconsider Planting
Oxalis latifolia,Fish-tail Wood-sorrel,Oxalidaceae,introduced,naturalised,oxalis latifolia,Medium Risk,herb,herbaceous,perennial,,,True,False,0.0,No local records found,1.0,2016-10-12T00:00:00Z,Use Caution
Oxalis perennans,Grassland Wood-sorrel,Oxalidaceae,native,native,oxalis perennans,Not Assessed / No exact match,herb,herbaceous,perennial,0.05,0.5,True,False,5.0,2013,8.0,2013-11-19T00:00:00Z,Not Assessed
Oxalis pes-caprae,Soursob,Oxalidaceae,introduced,naturalised,oxalis pes-caprae,Very High Risk,herb,herbaceous,perennial,0.1,0.3,True,False,8.0,2010,54.0,2026-07-17T11:44:20Z,Reconsider Planting
Oxalis purpurea,Large-flower Wood-sorrel,Oxalidaceae,introduced,naturalised,oxalis purpurea,High Risk,herb,herbaceous,perennial,0.05,0.17,True,False,3.0,2006,17.0,2026-08-16T14:34:22Z,Reconsider Planting
Ozothamnus ferrugineus,Tree Everlasting,Asteraceae,native,native,ozothamnus ferrugineus,Not Assessed / No exact match,shrub tree,woody,perennial,2.0,6.0,False,False,11.0,2009,34.0,2026-04-15T13:13:31Z,Not Assessed
Ozothamnus obcordatus,Grey Everlasting,Asteraceae,native,native,ozothamnus obcordatus,Not Assessed / No exact match,shrub,woody,perennial,1.5,2.0,False,False,1.0,1886,2.0,2018-10-03T01:22:53Z,Not Assessed
Panicum effusum,Hairy Panic,Poaceae,native,native,panicum effusum,Not Assessed / No exact match,graminoid,herbaceous,perennial,0.02,1.0,True,False,0.0,No local records found,1.0,,Not Assessed
Panicum miliaceum,Common Millet,Poaceae,introduced,adventive,panicum miliaceum,Lower Risk,graminoid herb,herbaceous,annual,0.2,1.2,True,False,0.0,No local records found,4.0,2017-02-26T00:00:00Z,Lower Concern
Paraserianthes lophantha,,Fabaceae,introduced,Not available,paraserianthes lophantha,High Risk,shrub tree,woody,perennial,1.0,10.0,True,False,1.0,2009,9.0,2026-07-03T17:00:25Z,Reconsider Planting
Paraserianthes lophantha subsp. lophantha,Cape Wattle | Crested Wattle,Fabaceae,introduced,naturalised,paraserianthes lophantha,High Risk,shrub tree,woody,perennial,1.0,10.0,True,False,1.0,2009,9.0,2026-07-03T17:00:25Z,Reconsider Planting
Paronychia brasiliana,Whitlow Wort,Caryophyllaceae,introduced,naturalised,paronychia brasiliana,Medium Risk,herb,herbaceous,perennial,,,True,False,0.0,No local records found,1.0,2020-10-25T00:00:00Z,Use Caution
Paspalum dilatatum,Paspalum,Poaceae,introduced,naturalised,paspalum dilatatum,Medium Risk,graminoid herb,herbaceous,perennial,0.15,2.0,True,False,12.0,2013,37.0,2026-04-25T09:15:56Z,Use Caution
Paspalum distichum,Water Couch,Poaceae,introduced,naturalised,paspalum distichum,Very High Risk,graminoid herb,herbaceous,perennial,0.05,0.6,True,False,3.0,1986,9.0,2023-05-01T10:30:00Z,Reconsider Planting
Paspalum quadrifarium,Golden-top Grass,Poaceae,introduced,naturalised,paspalum quadrifarium,Lower Risk,tussock,herbaceous,perennial,1.8,1.8,True,False,1.0,1915,1.0,,Lower Concern
Patersonia occidentalis,Long Purple-flag,Iridaceae,native,native,patersonia occidentalis,Not Assessed / No exact match,herb,herbaceous,perennial,0.55,1.5,False,False,1.0,1980,9.0,2025-10-30T19:19:00Z,Not Assessed
Patersonia occidentalis var. occidentalis,,Iridaceae,native,native,patersonia occidentalis,Not Assessed / No exact match,herb,herbaceous,perennial,0.55,1.5,False,False,1.0,1980,9.0,2025-10-30T19:19:00Z,Not Assessed
Pauridia glabella,,Hypoxidaceae,native,native,pauridia glabella,Not Assessed / No exact match,herb,herbaceous,perennial,0.02,0.25,False,False,2.0,1969,2.0,1969-09-30T00:00:00Z,Not Assessed
Pauridia glabella var. glabella,,Hypoxidaceae,native,native,pauridia glabella,Not Assessed / No exact match,herb,herbaceous,perennial,0.02,0.25,False,False,2.0,1969,2.0,1969-09-30T00:00:00Z,Not Assessed
Pauridia vaginata,,Hypoxidaceae,native,native,pauridia vaginata,Not Assessed / No exact match,herb,herbaceous,perennial,0.06,0.35,False,False,6.0,1998,9.0,1998-09-17T00:00:00Z,Not Assessed
Pauridia vaginata var. vaginata,,Hypoxidaceae,native,native,pauridia vaginata,Not Assessed / No exact match,herb,herbaceous,perennial,0.06,0.35,False,False,6.0,1998,9.0,1998-09-17T00:00:00Z,Not Assessed
Pelargonium australe,Austral Stork's-bill,Geraniaceae,native,native,pelargonium australe,Not Assessed / No exact match,herb,herbaceous,perennial,0.1,0.8,False,False,0.0,No local records found,6.0,2026-05-22T07:50:18Z,Not Assessed
Pelargonium inodorum,Kopata,Geraniaceae,native,native,pelargonium inodorum,Not Assessed / No exact match,herb,herbaceous,annual short_lived_perennial,0.35,0.4,False,False,1.0,1985,2.0,2025-10-06T11:03:22Z,Not Assessed
Pelargonium ×domesticum,Garden Geranium,Geraniaceae,introduced,adventive,pelargonium domesticum,Not Assessed / No exact match,,,,,,True,False,0.0,No local records found,0.0,No local records found,Not Assessed
Pentapogon quadrifidus,Five-awned Spear-grass,Poaceae,native,native,pentapogon quadrifidus,Not Assessed / No exact match,graminoid herb,herbaceous,annual perennial,0.1,0.7,False,False,1.0,1987,1.0,1987-02-01T00:00:00Z,Not Assessed
Pentapogon quadrifidus var. quadrifidus,,Poaceae,native,native,pentapogon quadrifidus,Not Assessed / No exact match,graminoid herb,herbaceous,annual perennial,0.1,0.7,False,False,1.0,1987,1.0,1987-02-01T00:00:00Z,Not Assessed
Persicaria decipiens,Slender Knotweed,Polygonaceae,native,native,persicaria decipiens,Not Assessed / No exact match,herb,herbaceous,perennial,0.3,1.0,False,False,9.0,2010,71.0,2026-06-17T09:14:44Z,Not Assessed
Persicaria hydropiper,Water Pepper,Polygonaceae,uncertain,Not available,persicaria hydropiper,Lower Risk,herb,herbaceous,annual,0.5,2.0,True,False,0.0,No local records found,9.0,2005-01-19T00:00:00Z,Lower Concern
Persicaria maculosa,Redshank,Polygonaceae,introduced,naturalised,persicaria maculosa,High Risk,herb,herbaceous,annual perennial,0.4,0.8,True,False,1.0,2000,3.0,2021-04-30T13:42:00Z,Reconsider Planting
Persicaria odorata,Vietnamese Mint,Polygonaceae,introduced,naturalised,persicaria odorata,Lower Risk,herb,herbaceous,annual perennial short_lived_perennial,1.0,1.5,True,False,2.0,2007,2.0,2007-04-15T00:00:00Z,Lower Concern
Persicaria praetermissa,Spotted Knotweed,Polygonaceae,native,native,persicaria praetermissa,Not Assessed / No exact match,herb,herbaceous,perennial,0.2,1.0,False,False,0.0,No local records found,1.0,2016-08-01T00:00:00Z,Not Assessed
Persoonia juniperina,Prickly Geebung,Proteaceae,native,native,persoonia juniperina,Not Assessed / No exact match,shrub,woody,perennial,0.3,2.0,False,False,0.0,No local records found,6.0,1895-10-19T00:00:00Z,Not Assessed
Phalaris aquatica,Toowoomba Canary-grass,Poaceae,introduced,naturalised,phalaris aquatica,High Risk,graminoid herb,herbaceous,perennial,0.3,1.5,True,False,5.0,2024,19.0,2024-08-01T00:00:00Z,Reconsider Planting
Phalaris arundinacea,Reed Canary-grass,Poaceae,introduced,Not available,phalaris arundinacea,Very High Risk,graminoid herb,herbaceous,perennial,0.5,2.0,True,False,4.0,2008,23.0,2022-04-20T00:00:00Z,Reconsider Planting
Phalaris arundinacea var. arundinacea,Reed Canary-grass,Poaceae,introduced,naturalised,phalaris arundinacea,Very High Risk,graminoid herb,herbaceous,perennial,0.5,2.0,True,False,4.0,2008,23.0,2022-04-20T00:00:00Z,Reconsider Planting
Phalaris canariensis,,Poaceae,introduced,naturalised,phalaris canariensis,Very High Risk,graminoid herb,herbaceous,annual,0.15,1.2,True,False,1.0,1989,1.0,1989-01-03T00:00:00Z,Reconsider Planting
Phoenix canariensis,Canary Island Date-palm,Arecaceae,introduced,naturalised,phoenix canariensis,Very High Risk,palmoid,woody,perennial,15.0,20.0,True,False,1.0,2006,1.0,2006-10-10T00:00:00Z,Reconsider Planting
Phragmites australis,Common Reed | Djarg,Poaceae,native,native,phragmites australis,Not Assessed / No exact match,graminoid,herbaceous,perennial,1.0,6.0,True,False,6.0,2024,37.0,2026-04-24T17:21:34Z,Not Assessed
Phyllanthus hirtellus,Thyme Spurge,Phyllanthaceae,native,native,phyllanthus hirtellus,Not Assessed / No exact match,shrub,woody,perennial,0.4,0.8,False,False,0.0,No local records found,1.0,,Not Assessed
Phytolacca octandra,Red-ink Weed,Phytolaccaceae,introduced,naturalised,phytolacca octandra,High Risk,herb,herbaceous woody,perennial,0.4,2.0,True,False,2.0,2010,9.0,2026-02-04T19:03:43Z,Reconsider Planting
Pimelea humilis,Common Rice-flower,Thymelaeaceae,native,native,pimelea humilis,Not Assessed / No exact match,shrub,woody,perennial,0.05,0.5,False,False,12.0,2006,21.0,2025-10-24T16:20:06Z,Not Assessed
Pimelea octophylla,Woolly Rice-flower,Thymelaeaceae,native,native,pimelea octophylla,Not Assessed / No exact match,shrub,woody,perennial,0.4,1.0,False,False,0.0,No local records found,2.0,1890-12-02T00:00:00Z,Not Assessed
Pimelea phylicoides,Heath Rice-flower,Thymelaeaceae,native,native,pimelea phylicoides,Not Assessed / No exact match,shrub,woody,perennial,0.2,1.0,False,False,1.0,1902,2.0,1890-11-01T00:00:00Z,Not Assessed
Pinus radiata,Radiata Pine | Monterey Pine | Insignis Pine,Pinaceae,introduced,naturalised,pinus radiata,Very High Risk,tree,woody,perennial,30.0,40.0,True,False,4.0,2009,5.0,2022-04-10T00:00:00Z,Reconsider Planting
Pittosporum undulatum,Sweet Pittosporum,Pittosporaceae,native,native,pittosporum undulatum,Very High Risk,tree,woody,perennial,3.0,27.5,True,False,14.0,2024,99.0,2026-08-16T16:50:45Z,Reconsider Planting
Plantago coronopus,Buck's-horn Plantain,Plantaginaceae,introduced,Not available,plantago coronopus,High Risk,herb,herbaceous,annual perennial,0.05,0.2,True,False,5.0,2013,20.0,2026-03-17T10:39:04Z,Reconsider Planting
Plantago coronopus subsp. coronopus,,Plantaginaceae,introduced,naturalised,plantago coronopus,High Risk,herb,herbaceous,annual perennial,0.05,0.2,True,False,5.0,2013,20.0,2026-03-17T10:39:04Z,Reconsider Planting
Plantago gaudichaudii,Narrow Plantain,Plantaginaceae,native,native,plantago gaudichaudii,Not Assessed / No exact match,herb,herbaceous,perennial,0.2,0.3,False,False,1.0,2000,1.0,2000-10-12T00:00:00Z,Not Assessed
Plantago lanceolata,Ribwort,Plantaginaceae,introduced,naturalised,plantago lanceolata,Medium Risk,herb,herbaceous,annual biennial,0.1,0.9,True,False,17.0,2024,416.0,2026-03-31T10:46:35Z,Use Caution
Plantago major,Greater Plantain,Plantaginaceae,introduced,naturalised,plantago major,Medium Risk,herb,herbaceous,perennial,0.1,0.8,True,False,0.0,No local records found,15.0,2026-04-24T07:58:15Z,Use Caution
Plantago varia,Variable Plantain,Plantaginaceae,native,native,plantago varia,Not Assessed / No exact match,herb,herbaceous,perennial,0.2,0.2,True,False,3.0,2000,4.0,2000-10-12T00:00:00Z,Not Assessed
Platylobium obtusangulum,Common Flat-pea,Fabaceae,native,native,platylobium obtusangulum,Not Assessed / No exact match,shrub,woody,perennial,1.0,1.0,False,False,12.0,2006,40.0,2026-04-27T08:30:14Z,Not Assessed
Platysace heterophylla,,Apiaceae,native,native,platysace heterophylla,Not Assessed / No exact match,herb,herbaceous woody,perennial,0.3,1.0,False,False,5.0,1900,26.0,2026-04-15T12:37:38Z,Not Assessed
Platysace heterophylla var. heterophylla,Slender Platysace,Apiaceae,native,native,platysace heterophylla,Not Assessed / No exact match,herb,herbaceous woody,perennial,0.3,1.0,False,False,5.0,1900,26.0,2026-04-15T12:37:38Z,Not Assessed
Platysace lanceolata,Shrubby Platysace,Apiaceae,native,native,platysace lanceolata,Not Assessed / No exact match,shrub,woody,perennial,0.3,1.5,False,False,0.0,No local records found,1.0,1986-11-01T00:00:00Z,Not Assessed
Pleuridium nervosum,,Ditrichaceae,native,native,pleuridium nervosum,Not Assessed / No exact match,,,,,,False,False,2.0,1901,2.0,1901-09-08T00:00:00Z,Not Assessed
Poa annua,Annual Meadow-grass | Goose-grass | Winter-grass,Poaceae,introduced,naturalised,poa annua,Medium Risk,graminoid herb,herbaceous,annual,0.02,0.46,True,False,5.0,2019,15.0,2026-07-23T09:54:22Z,Use Caution
Poa bulbosa,,Poaceae,introduced,Not available,poa bulbosa,High Risk,graminoid herb,herbaceous,perennial,0.05,0.5,True,False,1.0,2007,1.0,2007-10-15T00:00:00Z,Reconsider Planting
Poa bulbosa var. bulbosa,Bulbous Meadow-grass,Poaceae,introduced,naturalised,poa bulbosa,High Risk,graminoid herb,herbaceous,perennial,0.05,0.5,True,False,1.0,2007,1.0,2007-10-15T00:00:00Z,Reconsider Planting
Poa labillardierei,,Poaceae,native,native,poa labillardierei,Not Assessed / No exact match,tussock,herbaceous,perennial,0.3,1.3,False,False,6.0,2009,23.0,2026-08-20T12:14:12Z,Not Assessed
Poa labillardierei var. labillardierei,,Poaceae,native,native,poa labillardierei,Not Assessed / No exact match,tussock,herbaceous,perennial,0.3,1.3,False,False,6.0,2009,23.0,2026-08-20T12:14:12Z,Not Assessed
Poa morrisii,,Poaceae,native,native,poa morrisii,Not Assessed / No exact match,tussock,herbaceous,perennial,0.3,0.95,False,False,7.0,2009,26.0,2023-08-08T00:00:00Z,Not Assessed
Poa pratensis,Kentucky Blue-grass | Smooth Meadow-grass,Poaceae,introduced,naturalised,poa pratensis,Moderately High Risk,graminoid herb,herbaceous,perennial,0.1,1.0,True,False,3.0,1998,5.0,1998-06-01T00:00:00Z,Use Caution
Poa rodwayi,,Poaceae,native,native,poa rodwayi,Not Assessed / No exact match,tussock,herbaceous,perennial,0.25,0.75,False,False,1.0,2000,1.0,2000-10-12T00:00:00Z,Not Assessed
Poa sieberiana,,Poaceae,native,native,poa sieberiana,Not Assessed / No exact match,tussock,herbaceous,perennial,0.09,1.07,False,False,1.0,2000,1.0,2000-10-12T00:00:00Z,Not Assessed
Poa tenera,Slender Tussock-grass,Poaceae,native,native,poa tenera,Not Assessed / No exact match,tussock,herbaceous,perennial,0.1,2.0,False,False,1.0,1985,2.0,1986-11-01T00:00:00Z,Not Assessed
Poa trivialis,Rough Meadow-grass,Poaceae,introduced,naturalised,poa trivialis,Lower Risk,graminoid herb,herbaceous,perennial,1.0,1.0,True,False,2.0,2000,2.0,2000-10-12T00:00:00Z,Lower Concern
Podolepis decipiens,,Asteraceae,native,native,podolepis decipiens,Not Assessed / No exact match,herb,herbaceous,perennial,0.4,0.7,False,False,0.0,No local records found,1.0,1902-10-09T00:00:00Z,Not Assessed
Podolepis jaceoides,Showy Podolepis,Asteraceae,native,native,podolepis jaceoides,Not Assessed / No exact match,herb,herbaceous,perennial,0.5,0.7,True,False,1.0,1902,0.0,No local records found,Not Assessed
Polycarpon tetraphyllum,Four-leaved Allseed,Caryophyllaceae,introduced,naturalised,polycarpon tetraphyllum,Moderately High Risk,herb,herbaceous,annual,0.02,0.23,True,False,3.0,2006,5.0,2024-12-09T16:33:19Z,Use Caution
Polygala virgata,Broom Milkwort,Polygalaceae,introduced,naturalised,polygala virgata,Medium Risk,shrub,woody,perennial,1.0,3.0,True,False,1.0,1885,1.0,1885-12-13T00:00:00Z,Use Caution
Polygonum aviculare,Hogweed | Wireweed,Polygonaceae,introduced,naturalised,polygonum aviculare,High Risk,herb,herbaceous,annual,0.02,0.1,True,False,5.0,2013,11.0,2026-04-25T08:53:39Z,Reconsider Planting
Polypogon monspeliensis,,Poaceae,introduced,naturalised,polypogon monspeliensis,High Risk,graminoid herb,herbaceous,annual,0.15,0.9,True,False,1.0,1984,4.0,2005-01-19T00:00:00Z,Reconsider Planting
Polyscias sambucifolia,,Araliaceae,native,native,polyscias sambucifolia,Not Assessed / No exact match,shrub,woody,perennial,1.5,11.0,True,False,0.0,No local records found,0.0,No local records found,Not Assessed
Polytrichum juniperinum,,Polytrichaceae,native,native,polytrichum juniperinum,Not Assessed / No exact match,,,,,,False,False,0.0,No local records found,3.0,2024-09-20T10:56:37Z,Not Assessed
Pomaderris racemosa,,Rhamnaceae,native,native,pomaderris racemosa,Not Assessed / No exact match,shrub,woody,perennial,2.0,8.0,False,False,0.0,No local records found,4.0,2022-05-02T14:38:17Z,Not Assessed
Populus alba,White Poplar,Salicaceae,introduced,naturalised,populus alba,Medium Risk,tree,woody,perennial,3.0,20.0,True,False,1.0,2000,2.0,2022-12-05T09:30:44Z,Use Caution
Poranthera microphylla,Small Poranthera,Phyllanthaceae,native,native,poranthera microphylla,Not Assessed / No exact match,herb,herbaceous,annual,0.012898199,0.45,False,False,12.0,2013,27.0,2023-11-07T14:04:00Z,Not Assessed
Portulaca oleracea,Pigweed | Common Purslane,Portulacaceae,uncertain,Not available,portulaca oleracea,Lower Risk,herb,herbaceous,annual,0.05,0.4,True,False,1.0,2010,10.0,2026-04-25T08:53:14Z,Lower Concern
Potamogeton crispus,Curly Pondweed,Potamogetonaceae,native,native,potamogeton crispus,Not Assessed / No exact match,herb,herbaceous,perennial,4.0,4.0,False,False,0.0,No local records found,12.0,2005-01-19T00:00:00Z,Not Assessed
Potentilla indica,Indian Strawberry,Rosaceae,introduced,naturalised,potentilla indica,Moderately High Risk,herb,herbaceous,perennial,0.3,0.3,True,False,1.0,1987,4.0,2026-04-22T09:07:31Z,Use Caution
Prasophyllum elatum,Tall Leek-orchid,Orchidaceae,native,native,prasophyllum elatum,Not Assessed / No exact match,herb,herbaceous,perennial,0.3,1.5,False,False,1.0,1884,1.0,,Not Assessed
Prasophyllum frenchii,Swamp Leek-orchid,Orchidaceae,native,native,prasophyllum frenchii,Not Assessed / No exact match,herb,herbaceous,perennial,0.4,0.6,False,False,0.0,No local records found,3.0,1926-10-21T00:00:00Z,Not Assessed
Prasophyllum odoratum,Fragrant Leek-orchid | Pretty Leek-orchid,Orchidaceae,native,native,prasophyllum odoratum,Not Assessed / No exact match,herb,herbaceous,perennial,0.3,0.8,False,False,0.0,No local records found,1.0,,Not Assessed
Prostanthera lasianthos,Victorian Christmas Bush,Lamiaceae,native,native,prostanthera lasianthos,Not Assessed / No exact match,shrub,woody,perennial,1.0,13.0,False,False,6.0,2006,33.0,2026-04-26T10:35:29Z,Not Assessed
Prunella vulgaris,Self-heal,Lamiaceae,introduced,naturalised,prunella vulgaris,Medium Risk,herb,herbaceous,perennial,0.4,0.4,True,False,5.0,2007,25.0,2026-08-07T15:38:09Z,Use Caution
Prunus cerasifera,Cherry-plum,Rosaceae,introduced,naturalised,prunus cerasifera,High Risk,shrub tree,woody,perennial,7.0,12.0,True,False,5.0,2009,14.0,2021-11-27T04:53:12.046Z,Reconsider Planting
Psoralea pinnata,Blue Psoralea,Fabaceae,introduced,naturalised,psoralea pinnata,Very High Risk,shrub,woody,perennial,1.0,5.0,True,False,1.0,1987,1.0,1987-02-01T00:00:00Z,Reconsider Planting
Pteridium esculentum,Bracken | Austral Bracken,Dennstaedtiaceae,native,native,pteridium esculentum,Not Assessed / No exact match,fern,herbaceous,perennial,0.5,2.5,False,False,12.0,2022,56.0,2026-07-16T14:32:15Z,Not Assessed
Pteridium esculentum subsp. esculentum,,Dennstaedtiaceae,native,native,pteridium esculentum,Not Assessed / No exact match,fern,herbaceous,perennial,0.5,2.5,False,False,12.0,2022,56.0,2026-07-16T14:32:15Z,Not Assessed
Pterostylis melagramma,,Orchidaceae,native,native,pterostylis melagramma,Not Assessed / No exact match,herb,herbaceous,perennial,0.1,0.9,False,False,0.0,No local records found,4.0,2026-07-16T14:29:38Z,Not Assessed
Pterostylis nutans,Nodding Greenhood,Orchidaceae,native,native,pterostylis nutans,Not Assessed / No exact match,herb,herbaceous,perennial,0.05,0.4,False,False,9.0,2007,23.0,2026-07-11T14:27:00Z,Not Assessed
Pterostylis parviflora,Tiny Greenhood,Orchidaceae,native,native,pterostylis parviflora,Not Assessed / No exact match,herb,herbaceous,perennial,0.02,0.25,False,False,1.0,1968,2.0,1968-09-26T00:00:00Z,Not Assessed
Pterostylis pedoglossa,Prawn Greenhood,Orchidaceae,native,native,pterostylis pedoglossa,Not Assessed / No exact match,herb,herbaceous,perennial,0.05,0.15,False,False,3.0,1931,10.0,1931-04-26T00:00:00Z,Not Assessed
Pterostylis striata,,Orchidaceae,native,native,pterostylis striata,Not Assessed / No exact match,herb,herbaceous,perennial,0.25,0.25,False,False,0.0,No local records found,1.0,,Not Assessed
Pterostylis tasmanica,,Orchidaceae,native,native,pterostylis tasmanica,Not Assessed / No exact match,herb,herbaceous,perennial,0.14,0.14,False,False,1.0,1900,1.0,1900-11-12T00:00:00Z,Not Assessed
Pultenaea dentata,Clustered Bush-pea,Fabaceae,native,native,pultenaea dentata,Not Assessed / No exact match,shrub,woody,perennial,0.8,0.8,False,False,1.0,1886,8.0,1890-12-02T00:00:00Z,Not Assessed
Pultenaea sericea,Chaffy Bush-pea,Fabaceae,native,native,pultenaea sericea,Not Assessed / No exact match,shrub,woody,perennial,0.2,0.4,False,False,2.0,1950,5.0,1950-10-07T00:00:00Z,Not Assessed
Pultenaea stricta,Rigid Bush-pea,Fabaceae,native,native,pultenaea stricta,Not Assessed / No exact match,shrub,woody,perennial,1.0,1.0,False,False,1.0,1886,1.0,1886-08-31T00:00:00Z,Not Assessed
Pyrorchis nigricans,Red Beaks,Orchidaceae,native,native,pyrorchis nigricans,Not Assessed / No exact match,herb,herbaceous,perennial,0.05,0.3,False,False,2.0,1930,4.0,1893-11-11T00:00:00Z,Not Assessed
Quercus robur,English Oak,Fagaceae,introduced,naturalised,quercus robur,Medium Risk,tree,woody,perennial,20.0,30.0,True,False,1.0,2006,279.0,2024-09-23T14:09:51Z,Use Caution
Racopilum cuspidigerum,,Racopilaceae,native,native,racopilum cuspidigerum,Not Assessed / No exact match,,,,,,False,False,1.0,1886,1.0,1886-09-07T00:00:00Z,Not Assessed
Racopilum cuspidigerum var. convolutaceum,,Racopilaceae,native,native,racopilum cuspidigerum,Not Assessed / No exact match,,,,,,False,False,1.0,1886,1.0,1886-09-07T00:00:00Z,Not Assessed
Ranunculus lappaceus,Australian Buttercup,Ranunculaceae,native,native,ranunculus lappaceus,Not Assessed / No exact match,herb,herbaceous,perennial,0.04,1.7,False,False,2.0,1980,3.0,2024-02-03T08:00:51Z,Not Assessed
Ranunculus muricatus,Sharp Buttercup,Ranunculaceae,introduced,naturalised,ranunculus muricatus,Moderately High Risk,herb,herbaceous,annual,0.04,0.5,True,False,4.0,2024,8.0,2024-09-20T10:12:27Z,Use Caution
Ranunculus repens,Creeping Buttercup,Ranunculaceae,introduced,naturalised,ranunculus repens,Very High Risk,herb,herbaceous,perennial,0.15,0.6,True,False,7.0,2007,123.0,2026-08-15T14:19:02Z,Reconsider Planting
Ranunculus sceleratus,,Ranunculaceae,introduced,Not available,ranunculus sceleratus,Medium Risk,herb,herbaceous,annual biennial,0.2,0.8,True,False,1.0,1986,1.0,1986-11-01T00:00:00Z,Use Caution
Ranunculus sceleratus subsp. sceleratus,Celery Buttercup,Ranunculaceae,introduced,naturalised,ranunculus sceleratus,Medium Risk,herb,herbaceous,annual biennial,0.2,0.8,True,False,1.0,1986,1.0,1986-11-01T00:00:00Z,Use Caution
Raphanus raphanistrum,Wild Radish,Brassicaceae,introduced,naturalised,raphanus raphanistrum,Moderately High Risk,herb,herbaceous,annual,0.15,1.0,True,False,3.0,2006,32.0,2025-11-22T13:41:27Z,Use Caution
Raphanus sativus,Radish,Brassicaceae,introduced,naturalised,raphanus sativus,Lower Risk,herb,herbaceous,annual,0.1,1.0,True,False,0.0,No local records found,1.0,1986-11-01T00:00:00Z,Lower Concern
Reseda lutea,Cut-leaf Mignonette,Resedaceae,introduced,naturalised,reseda lutea,Lower Risk,herb,herbaceous,perennial,0.15,0.8,True,False,0.0,No local records found,1.0,1972-11-05T00:00:00Z,Lower Concern
Rhagodia candolleana,,Chenopodiaceae,native,native,rhagodia candolleana,Not Assessed / No exact match,shrub,woody,perennial,2.0,5.0,False,False,0.0,No local records found,0.0,No local records found,Not Assessed
Rhaphidorrhynchium amoenum,,Sematophyllaceae,native,native,rhaphidorrhynchium amoenum,Not Assessed / No exact match,,,,,,False,False,0.0,No local records found,0.0,No local records found,Not Assessed
Ricinocarpos pinifolius,Wedding Bush,Euphorbiaceae,native,native,ricinocarpos pinifolius,Not Assessed / No exact match,shrub,woody,perennial,0.97,3.0,False,False,7.0,1902,22.0,2026-09-02T14:17:14Z,Not Assessed
Romulea rosea,,Iridaceae,introduced,Not available,romulea rosea,Medium Risk,herb,herbaceous,perennial,0.1,0.5,True,False,14.0,2024,46.0,2026-08-17T12:47:52Z,Use Caution
Romulea rosea var. australis,Onion-grass,Iridaceae,introduced,naturalised,romulea rosea,Medium Risk,herb,herbaceous,perennial,0.1,0.5,True,False,14.0,2024,46.0,2026-08-17T12:47:52Z,Use Caution
Rorippa palustris,Marsh Yellow-cress | Yellow Marsh-cress,Brassicaceae,introduced,naturalised,rorippa palustris,High Risk,herb,herbaceous,annual biennial,0.1,1.0,True,False,2.0,2007,3.0,2025-10-25T16:59:53Z,Reconsider Planting
Rosa rubiginosa,Sweet Briar,Rosaceae,introduced,naturalised,rosa rubiginosa,High Risk,shrub,woody,perennial,3.0,5.0,True,False,4.0,2009,9.0,2022-04-10T00:00:00Z,Reconsider Planting
Rubus anglocandicans,,Rosaceae,introduced,naturalised,rubus anglocandicans,High Risk,shrub,woody,perennial,2.0,4.0,True,False,1.0,2006,128.0,2025-06-20T00:00:00Z,Reconsider Planting
Rubus leucostachys,,Rosaceae,introduced,naturalised,rubus leucostachys,High Risk,shrub,woody,perennial,2.0,3.0,True,False,0.0,No local records found,1.0,1895-11-21T00:00:00Z,Reconsider Planting
Rubus parvifolius,Small-leaf Bramble,Rosaceae,native,native,rubus parvifolius,Not Assessed / No exact match,shrub,woody,perennial,0.5,1.0,False,False,3.0,2020,35.0,2026-05-21T12:16:30Z,Not Assessed
Rumex brownii,Slender Dock,Polygonaceae,native,native,rumex brownii,Not Assessed / No exact match,herb,herbaceous,perennial,0.3,1.05,True,False,0.0,No local records found,1.0,2016-08-01T00:00:00Z,Not Assessed
Rumex conglomeratus,Clustered Dock,Polygonaceae,introduced,naturalised,rumex conglomeratus,High Risk,herb,herbaceous,perennial,0.3,1.5,True,False,6.0,2009,12.0,2020-02-06T00:00:00Z,Reconsider Planting
Rumex crispus,Curled Dock,Polygonaceae,introduced,naturalised,rumex crispus,High Risk,herb,herbaceous,perennial,0.2,1.5,True,False,9.0,2024,18.0,2024-08-01T00:00:00Z,Reconsider Planting
Rumex obtusifolius,,Polygonaceae,introduced,Not available,rumex obtusifolius,Medium Risk,herb,herbaceous,perennial,0.6,1.0,True,False,0.0,No local records found,10.0,2023-07-13T00:00:00Z,Use Caution
Rumex obtusifolius subsp. obtusifolius,Broadleaf Dock,Polygonaceae,introduced,naturalised,rumex obtusifolius,Medium Risk,herb,herbaceous,perennial,0.6,1.0,True,False,0.0,No local records found,10.0,2023-07-13T00:00:00Z,Use Caution
Rumex pulcher,,Polygonaceae,introduced,Not available,rumex pulcher,Moderately High Risk,herb,herbaceous,perennial,0.2,0.6,True,False,0.0,No local records found,1.0,1987-12-08T00:00:00Z,Use Caution
Rumex pulcher subsp. pulcher,Fiddle Dock,Polygonaceae,introduced,naturalised,rumex pulcher,Moderately High Risk,herb,herbaceous,perennial,0.2,0.6,True,False,0.0,No local records found,1.0,1987-12-08T00:00:00Z,Use Caution
Rytidosperma bipartitum,,Poaceae,native,native,rytidosperma bipartitum,Not Assessed / No exact match,tussock,herbaceous,perennial,0.15,0.8,False,False,0.0,No local records found,1.0,1987-12-08T00:00:00Z,Not Assessed
Rytidosperma caespitosum,Common Wallaby-grass,Poaceae,native,native,rytidosperma caespitosum,Not Assessed / No exact match,graminoid,herbaceous,perennial,0.128119903,1.0,False,False,5.0,2013,8.0,2013-11-19T00:00:00Z,Not Assessed
Rytidosperma erianthum,,Poaceae,native,native,rytidosperma erianthum,Not Assessed / No exact match,tussock,herbaceous,perennial,0.19,0.7,False,False,0.0,No local records found,1.0,1987-12-08T00:00:00Z,Not Assessed
Rytidosperma fulvum,,Poaceae,native,native,rytidosperma fulvum,Not Assessed / No exact match,tussock,herbaceous,perennial,0.2,1.15,True,False,3.0,2013,5.0,2023-07-13T00:00:00Z,Not Assessed
Rytidosperma geniculatum,Kneed Wallaby-grass,Poaceae,native,native,rytidosperma geniculatum,Not Assessed / No exact match,tussock,herbaceous,perennial,0.08,0.45,False,False,2.0,2010,7.0,2024-11-27T14:26:50Z,Not Assessed
Rytidosperma laeve,,Poaceae,native,native,rytidosperma laeve,Not Assessed / No exact match,tussock,herbaceous,perennial,0.2,0.6,False,False,1.0,1987,4.0,1991-11-29T00:00:00Z,Not Assessed
Rytidosperma pallidum,Silvertop Wallaby-grass,Poaceae,native,native,rytidosperma pallidum,Not Assessed / No exact match,tussock,herbaceous,perennial,0.32,1.6,False,False,0.0,No local records found,4.0,1987-12-08T00:00:00Z,Not Assessed
Rytidosperma penicillatum,Slender Wallaby-grass,Poaceae,native,native,rytidosperma penicillatum,Not Assessed / No exact match,tussock,herbaceous,perennial,0.12,0.75,False,False,1.0,2013,3.0,2013-11-19T00:00:00Z,Not Assessed
Rytidosperma pilosum,Velvet Wallaby-grass,Poaceae,native,native,rytidosperma pilosum,Not Assessed / No exact match,tussock,herbaceous,perennial,0.14,0.9,False,False,1.0,1962,4.0,2023-07-13T00:00:00Z,Not Assessed
Rytidosperma racemosum,,Poaceae,native,native,rytidosperma racemosum,Not Assessed / No exact match,tussock,herbaceous,perennial,0.16,0.75,False,False,10.0,2013,15.0,2023-08-08T00:00:00Z,Not Assessed
Rytidosperma racemosum var. racemosum,,Poaceae,native,native,rytidosperma racemosum,Not Assessed / No exact match,tussock,herbaceous,perennial,0.16,0.75,False,False,10.0,2013,15.0,2023-08-08T00:00:00Z,Not Assessed
Rytidosperma semiannulare,,Poaceae,native,native,rytidosperma semiannulare,Not Assessed / No exact match,tussock,herbaceous,perennial,0.2,1.0,False,False,2.0,1987,2.0,1987-02-01T00:00:00Z,Not Assessed
Rytidosperma setaceum,Bristly Wallaby-grass,Poaceae,native,native,rytidosperma setaceum,Not Assessed / No exact match,tussock,herbaceous,perennial,0.1,1.0,False,False,9.0,2010,20.0,2023-08-08T00:00:00Z,Not Assessed
Rytidosperma tenuius,,Poaceae,native,native,rytidosperma tenuius,Not Assessed / No exact match,tussock,herbaceous,perennial,0.1,1.2,False,False,1.0,1987,3.0,1987-12-08T00:00:00Z,Not Assessed
Salix babylonica,Weeping Willow,Salicaceae,introduced,naturalised,salix babylonica,Very High Risk,tree,woody,perennial,10.0,30.0,True,False,2.0,1986,2.0,1986-11-01T00:00:00Z,Reconsider Planting
Salix cinerea,,Salicaceae,introduced,Not available,salix cinerea,Very High Risk,shrub tree,woody,perennial,8.0,10.0,True,False,2.0,2000,3.0,2000-04-26T00:00:00Z,Reconsider Planting
Salix ×pendulina,Weeping Willow,Salicaceae,introduced,naturalised,salix pendulina,Not Assessed / No exact match,,,,,,True,False,0.0,No local records found,0.0,No local records found,Not Assessed
Salpichroa origanifolia,Pampas Lily-of-the-Valley,Solanaceae,introduced,naturalised,salpichroa origanifolia,Moderately High Risk,herb,herbaceous,perennial,,,True,False,1.0,2009,7.0,2026-04-15T12:45:01Z,Use Caution
Salvinia molesta,Salvinia,Salviniaceae,introduced,adventive,salvinia molesta,Very High Risk,,,,,,True,False,0.0,No local records found,0.0,No local records found,Reconsider Planting
Schenkia australis,,Gentianaceae,native,native,schenkia australis,Not Assessed / No exact match,herb,herbaceous,annual biennial,0.02,0.45,False,False,1.0,1980,1.0,1980-01-11T00:00:00Z,Not Assessed
Schizaea bifida,Forked Comb-fern,Schizaeaceae,native,native,schizaea bifida,Not Assessed / No exact match,fern,herbaceous,perennial,,,False,False,1.0,1900,1.0,1900-09-04T00:00:00Z,Not Assessed
Schizaea fistulosa,Narrow Comb-fern,Schizaeaceae,native,native,schizaea fistulosa,Not Assessed / No exact match,fern,herbaceous,perennial,0.05,0.6,False,False,2.0,1890,3.0,,Not Assessed
Schoenoplectus tabernaemontani,,Cyperaceae,native,native,schoenoplectus tabernaemontani,Not Assessed / No exact match,graminoid herb,herbaceous,perennial,0.8,2.0,False,False,0.0,No local records found,5.0,2025-10-07T14:21:10Z,Not Assessed
Schoenus apogon,Common Bog-rush,Cyperaceae,native,native,schoenus apogon,Not Assessed / No exact match,herb,herbaceous,perennial,0.05,0.25,False,False,7.0,1987,14.0,2023-08-08T00:00:00Z,Not Assessed
Schoenus brevifolius,,Cyperaceae,native,native,schoenus brevifolius,Not Assessed / No exact match,graminoid,herbaceous,perennial,0.6,0.7,False,False,0.0,No local records found,5.0,1895-12-14T00:00:00Z,Not Assessed
Schoenus lepidosperma,,Cyperaceae,native,native,schoenus lepidosperma,Not Assessed / No exact match,graminoid herb,herbaceous,perennial,0.2,0.5,False,False,0.0,No local records found,5.0,1895-10-19T00:00:00Z,Not Assessed
Schoenus lepidosperma subsp. lepidosperma,,Cyperaceae,native,native,schoenus lepidosperma,Not Assessed / No exact match,graminoid herb,herbaceous,perennial,0.2,0.5,False,False,0.0,No local records found,5.0,1895-10-19T00:00:00Z,Not Assessed
Scorpiurium cucullatum,,Brachytheciaceae,native,native,scorpiurium cucullatum,Not Assessed / No exact match,,,,,,False,False,2.0,1954,3.0,1954-02-23T00:00:00Z,Not Assessed
Sebaea ovata,Yellow Sebaea,Gentianaceae,native,native,sebaea ovata,Not Assessed / No exact match,herb,herbaceous,annual,0.03,0.5,False,False,0.0,No local records found,1.0,1885-10-09T00:00:00Z,Not Assessed
Selaginella uliginosa,Swamp Selaginella,Selaginellaceae,native,native,selaginella uliginosa,Not Assessed / No exact match,herb,herbaceous,perennial,0.05,0.4,False,False,1.0,1900,7.0,2025-12-24T10:42:09Z,Not Assessed
Senecio glomeratus,,Asteraceae,native,native,senecio glomeratus,Not Assessed / No exact match,herb,herbaceous,annual,0.3,2.0,False,False,2.0,1987,9.0,2025-08-18T06:42:04Z,Not Assessed
Senecio glomeratus subsp. glomeratus,,Asteraceae,native,native,senecio glomeratus,Not Assessed / No exact match,herb,herbaceous,annual,0.3,2.0,False,False,2.0,1987,9.0,2025-08-18T06:42:04Z,Not Assessed
Senecio hispidulus,Rough Fireweed | Hill Fireweed | Hispid Fireweed,Asteraceae,native,native,senecio hispidulus,Not Assessed / No exact match,herb,herbaceous,perennial,0.15,1.5,False,False,3.0,2010,16.0,2026-08-18T07:17:20Z,Not Assessed
Senecio jacobaea,Ragwort,Asteraceae,introduced,naturalised,senecio jacobaea,Moderately High Risk,herb,herbaceous,biennial perennial,0.3,1.8,True,False,0.0,No local records found,1.0,2005-08-01T00:00:00Z,Use Caution
Senecio minimus,,Asteraceae,native,native,senecio minimus,Not Assessed / No exact match,herb,herbaceous,annual,0.2,2.0,False,False,3.0,2007,8.0,2026-08-13T12:05:53Z,Not Assessed
Senecio pinnatifolius,Variable Groundsel,Asteraceae,native,native,senecio pinnatifolius,Not Assessed / No exact match,herb,herbaceous,annual,0.1,2.0,False,False,0.0,No local records found,2.0,1902-10-09T00:00:00Z,Not Assessed
Senecio pinnatifolius var. lanceolatus,,Asteraceae,native,native,senecio pinnatifolius,Not Assessed / No exact match,herb,herbaceous,annual,0.1,2.0,False,False,0.0,No local records found,2.0,1902-10-09T00:00:00Z,Not Assessed
Senecio quadridentatus,Cottony Fireweed,Asteraceae,native,native,senecio quadridentatus,Not Assessed / No exact match,herb,herbaceous,perennial,0.2,1.5,False,False,9.0,2010,37.0,2026-04-24T08:30:01Z,Not Assessed
Senecio vulgaris,Common Groundsel,Asteraceae,introduced,naturalised,senecio vulgaris,Medium Risk,herb,herbaceous,annual,0.05,0.5,True,False,1.0,2000,4.0,2026-08-13T08:07:47Z,Use Caution
Setaria italica,Italian Millet,Poaceae,introduced,naturalised,setaria italica,Lower Risk,graminoid herb,herbaceous,annual,0.3,2.0,True,False,1.0,1989,5.0,2025-04-25T10:28:05Z,Lower Concern
Setaria parviflora,Slender Pigeon-grass,Poaceae,introduced,naturalised,setaria parviflora,High Risk,graminoid herb,herbaceous,perennial,0.3,1.2,True,False,5.0,2010,7.0,2026-04-13T10:31:28Z,Reconsider Planting
Setaria pumila,Pale pigeon-grass,Poaceae,introduced,naturalised,setaria pumila,Medium Risk,tussock,herbaceous,annual,0.3,1.3,True,False,1.0,1984,2.0,2022-05-10T14:31:00Z,Use Caution
Silene gallica,,Caryophyllaceae,introduced,Not available,silene gallica,High Risk,herb,herbaceous,annual,0.1,0.75,True,False,0.0,No local records found,1.0,2013-09-11T00:00:00Z,Reconsider Planting
Silene gallica var. quinquevulnera,Spotted Catchfly | Five-wounded Catchfly,Caryophyllaceae,introduced,naturalised,silene gallica,High Risk,herb,herbaceous,annual,0.1,0.75,True,False,0.0,No local records found,1.0,2013-09-11T00:00:00Z,Reconsider Planting
Silene longicaulis,Portuguese Catchfly,Caryophyllaceae,introduced,naturalised,silene longicaulis,High Risk,herb,herbaceous,annual,,,True,False,1.0,2006,0.0,No local records found,Reconsider Planting
Sisyrinchium micranthum,Blue Pigroot,Iridaceae,introduced,naturalised,sisyrinchium micranthum,Medium Risk,herb,herbaceous,annual perennial,0.1,0.6,True,False,0.0,No local records found,5.0,2026-01-14T13:18:43Z,Use Caution
Solanum americanum,Glossy Nightshade,Solanaceae,introduced,naturalised,solanum americanum,Moderately High Risk,herb shrub,herbaceous woody,short_lived_perennial,0.45,2.0,True,False,0.0,No local records found,4.0,2021-05-18T16:33:00Z,Use Caution
Solanum aviculare,Kangaroo Apple,Solanaceae,native,native,solanum aviculare,Not Assessed / No exact match,shrub,woody,perennial,1.0,4.0,True,False,0.0,No local records found,17.0,2025-12-22T16:11:00Z,Not Assessed
Solanum laciniatum,Large Kangaroo-apple,Solanaceae,native,native,solanum laciniatum,Not Assessed / No exact match,shrub,woody,perennial,1.0,4.0,True,False,5.0,2010,43.0,2026-08-15T13:41:39Z,Not Assessed
Solanum lycopersicum,Tomato,Solanaceae,introduced,adventive,solanum lycopersicum,Lower Risk,herb,herbaceous,annual short_lived_perennial,0.3,1.5,True,False,1.0,2000,3.0,2026-04-15T07:34:38Z,Lower Concern
Solanum mauritianum,Tobacco-bush,Solanaceae,introduced,naturalised,solanum mauritianum,Moderately High Risk,shrub tree,woody,perennial,4.0,4.0,True,False,1.0,2000,10.0,2026-02-04T08:15:26Z,Use Caution
Solanum nigrum,Black Nightshade,Solanaceae,introduced,naturalised,solanum nigrum,Medium Risk,herb shrub,herbaceous woody,perennial,0.3,1.0,True,False,12.0,2010,43.0,2026-04-24T08:14:00Z,Use Caution
Solanum pseudocapsicum,Madeira Winter-cherry,Solanaceae,introduced,naturalised,solanum pseudocapsicum,High Risk,shrub,woody,perennial,1.0,2.0,True,False,6.0,2007,150.0,2026-08-16T16:33:45Z,Reconsider Planting
Solenogyne dominii,,Asteraceae,native,native,solenogyne dominii,Not Assessed / No exact match,herb,herbaceous,perennial,0.01,0.2,False,False,1.0,2000,4.0,2000-10-12T00:00:00Z,Not Assessed
Solenogyne gunnii,,Asteraceae,native,native,solenogyne gunnii,Not Assessed / No exact match,herb,herbaceous,perennial,0.01,0.2,False,False,3.0,1998,3.0,1998-06-01T00:00:00Z,Not Assessed
Soliva sessilis,Jo Jo | Bindyi,Asteraceae,introduced,naturalised,soliva sessilis,Medium Risk,herb,herbaceous,annual,0.2,0.2,True,False,3.0,2013,5.0,2022-10-23T07:49:51.917Z,Use Caution
Sonchus asper,Rough Sow-thistle | Prickly Sow-thistle,Asteraceae,introduced,Not available,sonchus asper,Moderately High Risk,herb,herbaceous,annual,0.2,2.0,True,False,8.0,2024,22.0,2025-10-27T16:50:27Z,Use Caution
Sonchus asper subsp. asper,,Asteraceae,introduced,naturalised,sonchus asper,Moderately High Risk,herb,herbaceous,annual,0.2,2.0,True,False,8.0,2024,22.0,2025-10-27T16:50:27Z,Use Caution
Sonchus oleraceus,Sow Thistle,Asteraceae,introduced,naturalised,sonchus oleraceus,Moderately High Risk,herb,herbaceous,annual,0.045,1.8,True,False,12.0,2010,45.0,2026-07-23T12:01:36Z,Use Caution
Spergula arvensis,Corn Spurrey,Caryophyllaceae,introduced,naturalised,spergula arvensis,Medium Risk,herb,herbaceous,annual,0.2,0.45,True,False,1.0,1962,1.0,1962-11-28T00:00:00Z,Use Caution
Spergularia bocconei,,Caryophyllaceae,introduced,naturalised,spergularia bocconei,Medium Risk,herb,herbaceous,annual biennial,0.3,0.3,True,False,0.0,No local records found,1.0,1885-10-29T00:00:00Z,Use Caution
Sphaerolobium minus,Globe-pea,Fabaceae,native,native,sphaerolobium minus,Not Assessed / No exact match,shrub,woody,perennial,0.5,0.5,False,False,0.0,No local records found,1.0,1884-11-07T00:00:00Z,Not Assessed
Sphaerolobium vimineum,Leafless Globe-pea,Fabaceae,native,native,sphaerolobium vimineum,Not Assessed / No exact match,shrub,woody,perennial,0.2,1.2,False,False,1.0,1980,6.0,1980-01-11T00:00:00Z,Not Assessed
Spirodela punctata,Thin Duckweed,Araceae,native,native,spirodela punctata,Not Assessed / No exact match,,,,,,False,False,2.0,1975,0.0,No local records found,Not Assessed
Sporobolus africanus,Rat-tail Grass,Poaceae,introduced,naturalised,sporobolus africanus,High Risk,graminoid herb,herbaceous,perennial,0.1,1.1,True,False,8.0,2010,18.0,2025-06-20T00:00:00Z,Reconsider Planting
Sprengelia incarnata,Pink Swamp-heath,Ericaceae,native,native,sprengelia incarnata,Not Assessed / No exact match,shrub,woody,perennial,0.5,2.0,False,False,1.0,1900,8.0,1900-09-04T00:00:00Z,Not Assessed
Spyridium parvifolium,Dusty Miller,Rhamnaceae,native,native,spyridium parvifolium,Not Assessed / No exact match,shrub,woody,perennial,1.0,3.0,False,False,1.0,1987,60.0,2026-08-15T13:48:16Z,Not Assessed
Stachys arvensis,Stagger Weed,Lamiaceae,introduced,naturalised,stachys arvensis,Medium Risk,herb,herbaceous,annual,0.06,0.35,True,False,1.0,1985,4.0,2019-06-28T13:28:00Z,Use Caution
Stackhousia monogyna,Creamy Candles,Celastraceae,native,native,stackhousia monogyna,Not Assessed / No exact match,herb,herbaceous,perennial,0.5,0.7,False,False,2.0,1980,6.0,1986-11-01T00:00:00Z,Not Assessed
Stellaria media,Chickweed,Caryophyllaceae,introduced,naturalised,stellaria media,Moderately High Risk,herb,herbaceous,annual,0.01,0.4,True,False,4.0,2010,16.0,2026-04-27T08:24:29Z,Use Caution
Stenotaphrum secundatum,Buffalo Grass,Poaceae,introduced,naturalised,stenotaphrum secundatum,High Risk,graminoid herb,herbaceous,perennial,0.1,0.5,True,False,2.0,2000,2.0,2000-03-25T00:00:00Z,Reconsider Planting
Stylidium armeria,,Stylidiaceae,native,native,stylidium armeria,Not Assessed / No exact match,herb,herbaceous,perennial,0.3,0.3,False,False,0.0,No local records found,2.0,1989-11-20T00:00:00Z,Not Assessed
Stylidium armeria subsp. armeria,,Stylidiaceae,native,native,stylidium armeria,Not Assessed / No exact match,herb,herbaceous,perennial,0.3,0.3,False,False,0.0,No local records found,2.0,1989-11-20T00:00:00Z,Not Assessed
Stylidium despectum,Small Triggerplant,Stylidiaceae,native,native,stylidium despectum,Not Assessed / No exact match,herb,herbaceous,annual,0.015,0.15,False,False,2.0,1984,11.0,1984-12-21T00:00:00Z,Not Assessed
Stylidium graminifolium,Grass Triggerplant,Stylidiaceae,native,native,stylidium graminifolium,Not Assessed / No exact match,herb,herbaceous,perennial,0.1779,0.8,False,False,7.0,2000,30.0,2026-05-18T12:46:27Z,Not Assessed
Stylidium perpusillum,Slender Triggerplant,Stylidiaceae,native,native,stylidium perpusillum,Not Assessed / No exact match,herb,herbaceous,annual,0.015,0.05,False,False,0.0,No local records found,1.0,,Not Assessed
Styphelia humifusa,Cranberry Heath,Ericaceae,native,native,styphelia humifusa,Not Assessed / No exact match,shrub,woody,perennial,0.06,0.7,False,False,2.0,2000,2.0,2000-10-12T00:00:00Z,Not Assessed
Symphyotrichum subulatum,Aster-weed,Asteraceae,introduced,naturalised,symphyotrichum subulatum,Moderately High Risk,herb,herbaceous,annual short_lived_perennial,0.3,1.8,True,False,6.0,2010,10.0,2023-07-13T00:00:00Z,Use Caution
Syzygium smithii,,Myrtaceae,native,native,syzygium smithii,Medium Risk,tree,woody,perennial,3.56,25.0,True,False,1.0,2000,7.0,2025-10-25T17:16:56Z,Use Caution
Tayloria octoblepharum,,Splachnaceae,native,native,tayloria octoblepharum,Not Assessed / No exact match,,,,,,False,False,1.0,1770,0.0,No local records found,Not Assessed
Tetratheca ciliata,Pink-bells,Elaeocarpaceae,native,native,tetratheca ciliata,Not Assessed / No exact match,shrub,woody,perennial,0.5,1.0,False,False,2.0,1968,13.0,2025-10-27T16:02:19Z,Not Assessed
Thelionema caespitosum,Tufted Blue Lily,Asphodelaceae,native,native,thelionema caespitosum,Not Assessed / No exact match,herb,herbaceous,perennial,0.3,0.9,False,False,2.0,1980,2.0,1980-01-11T00:00:00Z,Not Assessed
Thelymitra antennifera,Rabbit-ears,Orchidaceae,native,native,thelymitra antennifera,Not Assessed / No exact match,herb,herbaceous,perennial,0.1,0.25,False,False,0.0,No local records found,1.0,1887-10-14T00:00:00Z,Not Assessed
Thelymitra flexuosa,Twisted Sun-orchid,Orchidaceae,native,native,thelymitra flexuosa,Not Assessed / No exact match,herb,herbaceous,perennial,0.15,0.35,False,False,1.0,1770,4.0,1893-10-21T00:00:00Z,Not Assessed
Thelymitra ixioides,Dotted Sun-orchid | Spotted Sun-orchid,Orchidaceae,native,native,thelymitra ixioides,Not Assessed / No exact match,herb,herbaceous,perennial,0.15,0.6,False,False,2.0,1968,3.0,1968-09-26T00:00:00Z,Not Assessed
Thelymitra pauciflora,,Orchidaceae,native,native,thelymitra pauciflora,Not Assessed / No exact match,herb,herbaceous,perennial,0.05,0.5,False,False,2.0,1975,4.0,2023-07-13T00:00:00Z,Not Assessed
Thelymitra rubra,Salmon Sun-orchid,Orchidaceae,native,native,thelymitra rubra,Not Assessed / No exact match,herb,herbaceous,perennial,0.15,0.5,False,False,0.0,No local records found,0.0,No local records found,Not Assessed
Themeda triandra,Kangaroo Grass,Poaceae,native,native,themeda triandra,Not Assessed / No exact match,graminoid,herbaceous,perennial,0.2913,2.0,False,False,15.0,2009,67.0,2026-04-24T17:30:06Z,Not Assessed
Thesium australe,Austral Toad-flax,Santalaceae,native,native,thesium australe,Not Assessed / No exact match,herb,herbaceous,perennial,0.4,0.4,False,False,1.0,1913,1.0,,Not Assessed
Thuidiopsis furfurosa,,Thuidiaceae,native,native,thuidiopsis furfurosa,Not Assessed / No exact match,,,,,,False,False,0.0,No local records found,1.0,1991-11-29T00:00:00Z,Not Assessed
Thysanotus patersonii,Twining Fringe Lily,Asparagaceae,native,native,thysanotus patersonii,Not Assessed / No exact match,herb,herbaceous,perennial,0.05,1.0,False,False,4.0,1969,5.0,1969-09-30T00:00:00Z,Not Assessed
Thysanotus tuberosus,Common Fringe Lily,Asparagaceae,native,native,thysanotus tuberosus,Not Assessed / No exact match,herb,herbaceous,perennial,0.15,0.7,False,False,1.0,1898,4.0,1894-11-17T00:00:00Z,Not Assessed
Thysanotus tuberosus subsp. tuberosus,,Asparagaceae,native,native,thysanotus tuberosus,Not Assessed / No exact match,herb,herbaceous,perennial,0.15,0.7,False,False,1.0,1898,4.0,1894-11-17T00:00:00Z,Not Assessed
Todea barbara,Austral King-fern,Osmundaceae,native,native,todea barbara,Not Assessed / No exact match,fern,herbaceous,perennial,0.3,3.0,False,False,1.0,1982,1.0,1982-11-22T00:00:00Z,Not Assessed
Tortula truncata,,Pottiaceae,introduced,naturalised,tortula truncata,Not Assessed / No exact match,,,,,,True,False,0.0,No local records found,2.0,1982-05-24T00:00:00Z,Not Assessed
Trachymene composita,,Araliaceae,native,native,trachymene composita,Not Assessed / No exact match,herb,herbaceous,annual biennial,1.2,2.5,False,False,6.0,1914,28.0,2026-08-13T08:24:59Z,Not Assessed
Trachymene composita var. composita,,Araliaceae,native,native,trachymene composita,Not Assessed / No exact match,herb,herbaceous,annual biennial,1.2,2.5,False,False,6.0,1914,28.0,2026-08-13T08:24:59Z,Not Assessed
Trachymene pilosa,Dwarf Trachymene,Araliaceae,native,native,trachymene pilosa,Not Assessed / No exact match,herb,herbaceous,annual,0.02,0.4,False,False,0.0,No local records found,1.0,1893-12-23T00:00:00Z,Not Assessed
Tradescantia fluminensis,Wandering Trad | Wandering Creeper | Wandering Jew,Commelinaceae,introduced,naturalised,tradescantia fluminensis,Very High Risk,herb,herbaceous,perennial,0.1,0.1,True,False,6.0,2024,201.0,2026-04-24T17:18:10Z,Reconsider Planting
Tribolium obliterum,Capetown Grass,Poaceae,introduced,naturalised,tribolium obliterum,Moderately High Risk,graminoid herb,herbaceous,annual perennial,0.23,0.4,True,False,1.0,1982,2.0,1982-10-05T00:00:00Z,Use Caution
Tricoryne elatior,Yellow Rush Lily,Asphodelaceae,native,native,tricoryne elatior,Not Assessed / No exact match,herb,herbaceous,perennial,0.1,0.7,False,False,11.0,2009,28.0,2025-10-24T16:18:50Z,Not Assessed
Trifolium angustifolium,,Fabaceae,introduced,Not available,trifolium angustifolium,Medium Risk,herb,herbaceous,annual,0.1,0.7,True,False,0.0,No local records found,2.0,1987-12-08T00:00:00Z,Use Caution
Trifolium angustifolium var. angustifolium,Narrow-leaved Clover,Fabaceae,introduced,naturalised,trifolium angustifolium,Medium Risk,herb,herbaceous,annual,0.1,0.7,True,False,0.0,No local records found,2.0,1987-12-08T00:00:00Z,Use Caution
Trifolium cernuum,Drooping-flower Clover,Fabaceae,introduced,naturalised,trifolium cernuum,High Risk,herb,herbaceous,annual,0.02,0.1,True,False,1.0,1962,1.0,1962-11-28T00:00:00Z,Reconsider Planting
Trifolium dubium,Suckling Clover,Fabaceae,introduced,naturalised,trifolium dubium,Moderately High Risk,herb,herbaceous,annual,0.095,0.5,True,False,3.0,2006,7.0,2024-08-26T12:56:06Z,Use Caution
Trifolium fragiferum,,Fabaceae,introduced,Not available,trifolium fragiferum,Moderately High Risk,herb,herbaceous,perennial,,,True,False,1.0,2007,5.0,2025-04-08T14:14:06Z,Use Caution
Trifolium fragiferum var. fragiferum,Strawberry Clover,Fabaceae,introduced,naturalised,trifolium fragiferum,Moderately High Risk,herb,herbaceous,perennial,,,True,False,1.0,2007,5.0,2025-04-08T14:14:06Z,Use Caution
Trifolium glomeratum,Clustered Clover,Fabaceae,introduced,naturalised,trifolium glomeratum,Moderately High Risk,herb,herbaceous,annual,0.03,0.4,True,False,2.0,1985,4.0,2020-10-29T00:00:00Z,Use Caution
Trifolium incarnatum,,Fabaceae,introduced,Not available,trifolium incarnatum,Medium Risk,herb,herbaceous,annual,0.2,0.5,True,False,0.0,No local records found,1.0,1982-03-22T00:00:00Z,Use Caution
Trifolium michelianum,,Fabaceae,introduced,Not available,trifolium michelianum,Lower Risk,herb,herbaceous,annual perennial,,,True,False,0.0,No local records found,1.0,1991-10-24T00:00:00Z,Lower Concern
Trifolium michelianum var. michelianum,Annual White Clover,Fabaceae,introduced,naturalised,trifolium michelianum,Lower Risk,herb,herbaceous,annual perennial,,,True,False,0.0,No local records found,1.0,1991-10-24T00:00:00Z,Lower Concern
Trifolium pratense,Red Clover,Fabaceae,introduced,naturalised,trifolium pratense,Medium Risk,herb,herbaceous,perennial,0.6,0.6,True,False,0.0,No local records found,1.0,2012-01-12T00:00:00Z,Use Caution
Trifolium repens,,Fabaceae,introduced,Not available,trifolium repens,High Risk,herb,herbaceous,annual perennial,0.15,0.3,True,False,11.0,2013,61.0,2026-04-24T07:55:58Z,Reconsider Planting
Trifolium repens var. repens,White Clover,Fabaceae,introduced,naturalised,trifolium repens,High Risk,herb,herbaceous,annual perennial,0.15,0.3,True,False,11.0,2013,61.0,2026-04-24T07:55:58Z,Reconsider Planting
Trifolium resupinatum,Shaftal Clover,Fabaceae,introduced,Not available,trifolium resupinatum,Medium Risk,herb,herbaceous,annual,0.2,0.3,True,False,0.0,No local records found,2.0,2025-12-18T10:41:17Z,Use Caution
Trifolium striatum,Knotted Clover,Fabaceae,introduced,naturalised,trifolium striatum,High Risk,herb,herbaceous,annual,0.3,0.6,True,False,1.0,1962,1.0,1962-11-28T00:00:00Z,Reconsider Planting
Trifolium subterraneum,Subterranean Clover,Fabaceae,introduced,naturalised,trifolium subterraneum,High Risk,herb,herbaceous,annual,0.025,0.35,True,False,2.0,2000,8.0,2025-04-25T15:43:25Z,Reconsider Planting
Trifolium vesiculosum,,Fabaceae,introduced,Not available,trifolium vesiculosum,Very High Risk,herb,herbaceous,annual,0.8,0.8,True,False,0.0,No local records found,1.0,2019-11-15T00:00:00Z,Reconsider Planting
Trifolium vesiculosum var. vesiculosum,Arrowleaf Clover,Fabaceae,introduced,naturalised,trifolium vesiculosum,Very High Risk,herb,herbaceous,annual,0.8,0.8,True,False,0.0,No local records found,1.0,2019-11-15T00:00:00Z,Reconsider Planting
Triglochin striata,,Juncaginaceae,native,native,triglochin striata,Not Assessed / No exact match,herb,herbaceous,perennial,0.03,0.5,False,False,1.0,2010,3.0,2010-04-21T00:00:00Z,Not Assessed
Typha domingensis,Narrowleaf Cumbungi | Gumbung,Typhaceae,native,native,typha domingensis,Not Assessed / No exact match,herb,herbaceous,perennial,1.5,4.0,False,False,3.0,2010,5.0,2023-07-13T00:00:00Z,Not Assessed
Typha latifolia,Lesser Reed-mace,Typhaceae,introduced,naturalised,typha latifolia,Very High Risk,herb,herbaceous,perennial,3.0,3.0,True,False,0.0,No local records found,2.0,2022-04-10T00:00:00Z,Reconsider Planting
Typha orientalis,Broadleaf Cumbungi,Typhaceae,native,native,typha orientalis,Not Assessed / No exact match,herb,herbaceous,perennial,2.0,4.5,True,False,2.0,2024,4.0,2024-08-01T00:00:00Z,Not Assessed
Ulex europaeus,Gorse | Furze,Fabaceae,introduced,naturalised,ulex europaeus,High Risk,shrub,woody,perennial,2.0,3.0,True,False,11.0,2024,46.0,2026-04-14T12:51:03Z,Reconsider Planting
Urtica urens,Small Nettle,Urticaceae,introduced,naturalised,urtica urens,Moderately High Risk,herb,herbaceous,annual,0.6,0.9,True,False,0.0,No local records found,2.0,2024-08-29T12:45:15Z,Use Caution
Utricularia dichotoma,Fairies' Aprons | Purple Bladderwort,Lentibulariaceae,native,native,utricularia dichotoma,Not Assessed / No exact match,herb,herbaceous,perennial,0.1,0.5,False,False,3.0,1985,6.0,1985-10-19T00:00:00Z,Not Assessed
Utricularia lateriflora,Tiny Bladderwort,Lentibulariaceae,native,native,utricularia lateriflora,Not Assessed / No exact match,herb,herbaceous,perennial,0.08,0.1,False,False,2.0,1902,2.0,1902-02-20T00:00:00Z,Not Assessed
Utricularia tenella,Pink Bladderwort,Lentibulariaceae,native,native,utricularia tenella,Not Assessed / No exact match,herb,herbaceous,annual,0.01,0.15,False,False,0.0,No local records found,4.0,1894-10-08T00:00:00Z,Not Assessed
Vellereophyton dealbatum,White Cudweed,Asteraceae,introduced,naturalised,vellereophyton dealbatum,Moderately High Risk,herb,herbaceous,annual,0.05,0.5,True,False,4.0,1899,2.0,,Use Caution
Veronica arvensis,Wall Speedwell,Plantaginaceae,introduced,naturalised,veronica arvensis,Moderately High Risk,herb,herbaceous,annual,0.04,0.3,True,False,1.0,2006,5.0,2024-09-23T16:35:15Z,Use Caution
Veronica calycina,Hairy Speedwell,Plantaginaceae,native,native,veronica calycina,Not Assessed / No exact match,herb,herbaceous,perennial,0.03,0.5,False,False,1.0,2000,1.0,2000-10-12T00:00:00Z,Not Assessed
Veronica gracilis,Slender Speedwell,Plantaginaceae,native,native,veronica gracilis,Not Assessed / No exact match,herb,herbaceous,perennial,0.3,0.6,False,False,6.0,2007,11.0,2025-11-06T17:16:16Z,Not Assessed
Veronica persica,Creeping Speedwell,Plantaginaceae,introduced,naturalised,veronica persica,Medium Risk,herb,herbaceous,annual,0.06,0.5,True,False,0.0,No local records found,8.0,2025-09-15T09:51:49Z,Use Caution
Veronica plebeia,Trailing Speedwell,Plantaginaceae,native,native,veronica plebeia,Not Assessed / No exact match,herb,herbaceous,perennial,0.05,0.4,True,False,1.0,2010,1.0,2010-04-21T00:00:00Z,Not Assessed
Veronica serpyllifolia,Thyme Speedwell,Plantaginaceae,uncertain,Not available,veronica serpyllifolia,Lower Risk,herb,herbaceous,perennial,0.1,0.1,True,False,1.0,1994,1.0,,Lower Concern
Viburnum tinus,Laurestinus,Caprifoliaceae,introduced,naturalised,viburnum tinus,Medium Risk,shrub tree,woody,perennial,4.0,4.0,True,False,0.0,No local records found,7.0,2026-07-15T15:10:54Z,Use Caution
Vicia hirsuta,Tiny Vetch,Fabaceae,introduced,naturalised,vicia hirsuta,High Risk,herb,herbaceous,annual,0.15,0.8,True,False,3.0,2007,7.0,2024-09-03T11:06:19Z,Reconsider Planting
Vicia sativa,Common Vetch,Fabaceae,introduced,Not available,vicia sativa,Lower Risk,herb,herbaceous,annual,0.2,1.5,True,False,6.0,2007,25.0,2026-07-25T14:21:40Z,Lower Concern
Vicia sativa subsp. sativa,,Fabaceae,introduced,naturalised,vicia sativa,Lower Risk,herb,herbaceous,annual,0.2,1.5,True,False,6.0,2007,25.0,2026-07-25T14:21:40Z,Lower Concern
Vicia tetrasperma,Slender Vetch,Fabaceae,introduced,naturalised,vicia tetrasperma,High Risk,herb,herbaceous,annual,0.5,0.5,True,False,0.0,No local records found,1.0,1972-11-05T00:00:00Z,Reconsider Planting
Viminaria juncea,Golden Spray,Fabaceae,native,native,viminaria juncea,Not Assessed / No exact match,shrub,woody,perennial,1.0,5.0,False,False,6.0,2006,39.0,2026-02-13T14:41:57Z,Not Assessed
Viola hederacea,Ivy-leaved Violet,Violaceae,native,native,viola hederacea,Not Assessed / No exact match,herb,herbaceous,perennial,0.03,0.3,False,False,6.0,1985,17.0,2025-12-22T16:41:00Z,Not Assessed
Viola odorata,Common Violet | Sweet Violet,Violaceae,introduced,naturalised,viola odorata,Very High Risk,herb,herbaceous,perennial,0.05,0.15,True,False,2.0,2000,17.0,2026-08-21T14:56:03Z,Reconsider Planting
Vulpia bromoides,Squirrel-tail Fescue,Poaceae,introduced,naturalised,vulpia bromoides,Moderately High Risk,graminoid herb,herbaceous,annual,0.05,0.6,True,False,5.0,2013,10.0,2023-07-13T00:00:00Z,Use Caution
Vulpia myuros,Rat's-tail Fescue,Poaceae,introduced,Not available,vulpia myuros,Moderately High Risk,graminoid herb,herbaceous,annual,0.069207095,0.7,True,False,1.0,2009,1.0,2009-10-09T00:00:00Z,Use Caution
Vulpia myuros f. myuros,,Poaceae,introduced,naturalised,vulpia myuros,Moderately High Risk,graminoid herb,herbaceous,annual,0.069207095,0.7,True,False,1.0,2009,1.0,2009-10-09T00:00:00Z,Use Caution
Wahlenbergia gracilis,Sprawling Bluebell,Campanulaceae,native,native,wahlenbergia gracilis,Not Assessed / No exact match,herb,herbaceous,perennial,0.05,0.8,False,False,1.0,2010,1.0,2010-04-21T00:00:00Z,Not Assessed
Wahlenbergia gymnoclada,Naked Bluebell,Campanulaceae,native,native,wahlenbergia gymnoclada,Not Assessed / No exact match,herb,herbaceous,perennial,0.1,0.6,False,False,1.0,1980,1.0,1980-01-11T00:00:00Z,Not Assessed
Wahlenbergia multicaulis,,Campanulaceae,native,native,wahlenbergia multicaulis,Not Assessed / No exact match,herb,herbaceous,perennial,0.1,0.75,False,False,1.0,1960,1.0,1960-10-01T00:00:00Z,Not Assessed
Wahlenbergia stricta,,Campanulaceae,native,native,wahlenbergia stricta,Not Assessed / No exact match,herb,herbaceous,perennial,0.1,0.9,False,False,1.0,1980,4.0,2025-10-27T18:04:17Z,Not Assessed
Wahlenbergia stricta subsp. stricta,Tall Bluebell,Campanulaceae,native,native,wahlenbergia stricta,Not Assessed / No exact match,herb,herbaceous,perennial,0.1,0.9,False,False,1.0,1980,4.0,2025-10-27T18:04:17Z,Not Assessed
Watsonia meriana,,Iridaceae,introduced,naturalised,watsonia meriana,Very High Risk,herb,herbaceous,perennial,0.5,2.5,True,False,4.0,2009,8.0,2023-07-13T00:00:00Z,Reconsider Planting
Watsonia meriana var. bulbillifera,,Iridaceae,introduced,naturalised,watsonia meriana,Very High Risk,herb,herbaceous,perennial,0.5,2.5,True,False,4.0,2009,8.0,2023-07-13T00:00:00Z,Reconsider Planting
Wurmbea dioica,,Colchicaceae,native,native,wurmbea dioica,Not Assessed / No exact match,herb,herbaceous,perennial,0.035,0.4,False,False,6.0,2000,8.0,2000-10-12T00:00:00Z,Not Assessed
Wurmbea dioica subsp. dioica,Early Nancy,Colchicaceae,native,native,wurmbea dioica,Not Assessed / No exact match,herb,herbaceous,perennial,0.035,0.4,False,False,6.0,2000,8.0,2000-10-12T00:00:00Z,Not Assessed
Xanthorrhoea minor,,Asphodelaceae,native,native,xanthorrhoea minor,Not Assessed / No exact match,herb,herbaceous,perennial,1.0,1.0,False,False,3.0,2006,19.0,2026-02-25T13:40:04Z,Not Assessed
Xanthorrhoea minor subsp. lutea,Small Grass-tree | Toolimerin,Asphodelaceae,native,native,xanthorrhoea minor,Not Assessed / No exact match,herb,herbaceous,perennial,1.0,1.0,False,False,3.0,2006,19.0,2026-02-25T13:40:04Z,Not Assessed
Xanthosia dissecta,Cut-leaved Xanthosia,Apiaceae,native,native,xanthosia dissecta,Not Assessed / No exact match,shrub,herbaceous woody,perennial,0.1,0.3,False,False,8.0,1987,14.0,2024-09-06T14:16:06Z,Not Assessed
Xyris gracilis,Slender Yellow-eye,Xyridaceae,native,native,xyris gracilis,Not Assessed / No exact match,herb,herbaceous,perennial,0.29,0.6,False,False,1.0,1898,6.0,1895-12-14T00:00:00Z,Not Assessed
Zantedeschia aethiopica,White Arum-lily,Araceae,introduced,naturalised,zantedeschia aethiopica,Very High Risk,herb,herbaceous,perennial,1.0,1.0,True,False,5.0,2006,48.0,2026-08-12T12:47:55Z,Reconsider Planting
