scientific_name,vernacular_name,family,establishment_means,degree_of_establishment,match_key,risk_rating,vba_record_count,vba_most_recent_year,inat_record_count,inat_most_recent_date
Acacia acinacea,Gold-dust Wattle,Fabaceae,native,native,acacia acinacea,Not Assessed / No exact match,0.0,,1528.0,2026-08-10T14:39:20
Acacia aculeatissima,Thin-leaf Wattle | Snake Wattle,Fabaceae,native,native,acacia aculeatissima,Not Assessed / No exact match,1.0,1987,561.0,2026-08-06T13:35
Acacia baileyana,Cootamundra Wattle,Fabaceae,introduced,naturalised,acacia baileyana,Moderately High Risk,1.0,2020,734.0,2026-08-09T08:42:51
Acacia boormanii,,Fabaceae,native,native,acacia boormanii,Moderately High Risk,0.0,,30.0,2026-08-04T16:00:55
Acacia brownii,Heath Wattle,Fabaceae,native,native,acacia brownii,Not Assessed / No exact match,0.0,,287.0,2026-08-07T14:34:57
Acacia cultriformis,,Fabaceae,introduced,adventive,acacia cultriformis,Medium Risk,0.0,,5.0,2026-05-13T09:59:41
Acacia dealbata,Silver Wattle,Fabaceae,native,native,acacia dealbata,Not Assessed / No exact match,20.0,2023,2032.0,2026-08-09T10:02:35
Acacia decurrens,Early Black-wattle,Fabaceae,introduced,naturalised,acacia decurrens,High Risk,1.0,2022,288.0,2026-08-10T15:39:43
Acacia elata,Cedar Wattle,Fabaceae,introduced,naturalised,acacia elata,High Risk,0.0,,179.0,2026-07-08T17:11
Acacia genistifolia,Spreading Wattle,Fabaceae,native,native,acacia genistifolia,Not Assessed / No exact match,1.0,1986,1765.0,2026-08-10T15:15:56
Acacia genistifolia subsp. genistifolia,,Fabaceae,native,native,acacia genistifolia subsp genistifolia,Not Assessed / No exact match,1.0,1986,1765.0,2026-08-10T15:15:56
Acacia howittii,Sticky Wattle,Fabaceae,native,native,acacia howittii,High Risk,0.0,,186.0,2026-08-08T12:50:36
Acacia implexa,Lightwood | Hickory Wattle,Fabaceae,native,native,acacia implexa,Not Assessed / No exact match,3.0,2023,875.0,2026-08-04T17:27
Acacia iteaphylla,Flinders Range Wattle | Willow-leaved Wattle,Fabaceae,introduced,naturalised,acacia iteaphylla,Moderately High Risk,0.0,,173.0,2026-07-11T12:39:37
Acacia leprosa,Cinnamon Wattle,Fabaceae,native,native,acacia leprosa,Not Assessed / No exact match,0.0,,82.0,2026-08-01T14:37:31
Acacia leprosa var. uninervia,,Fabaceae,native,native,acacia leprosa subsp uninervia,Not Assessed / No exact match,0.0,,82.0,2026-08-01T14:37:31
Acacia longifolia,,Fabaceae,native,native,acacia longifolia,Not Assessed / No exact match,4.0,2023,1832.0,2026-08-08T15:08:23
Acacia longifolia subsp. longifolia,,Fabaceae,native,native,acacia longifolia subsp longifolia,Very High Risk,4.0,2023,1832.0,2026-08-08T15:08:23
Acacia longifolia subsp. sophorae,,Fabaceae,native,native,acacia longifolia subsp sophorae,Very High Risk,4.0,2023,1832.0,2026-08-08T15:08:23
Acacia mearnsii,Black Wattle,Fabaceae,native,native,acacia mearnsii,Not Assessed / No exact match,18.0,2025,1851.0,2026-08-07T12:46:57
Acacia melanoxylon,Blackwood | Mudgerabah | Hickory | Sally Wattle | Blackwood,Fabaceae,native,native,acacia melanoxylon,Not Assessed / No exact match,15.0,2023,3832.0,2026-08-07T13:34:36
Acacia myrtifolia,Myrtle Wattle,Fabaceae,native,native,acacia myrtifolia,Medium Risk,6.0,2023,1290.0,2026-08-09T10:59
Acacia oxycedrus,Spike Wattle,Fabaceae,native,native,acacia oxycedrus,Not Assessed / No exact match,0.0,,1005.0,2026-08-09T10:05
Acacia paradoxa,Hedge Wattle | Kangaroo Thorn | Prickly Wattle,Fabaceae,native,native,acacia paradoxa,Not Assessed / No exact match,17.0,2023,3688.0,2026-08-10T17:43:14
Acacia pravissima,Ovens Wattle | Wedge-leaf Wattle,Fabaceae,native,native,acacia pravissima,High Risk,1.0,2023,233.0,2026-08-03T15:51:37
Acacia provincialis,Wirilda,Fabaceae,native,native,acacia provincialis,Very High Risk,0.0,,185.0,2026-07-16T13:11:42
Acacia pycnantha,Golden Wattle,Fabaceae,native,native,acacia pycnantha,Medium Risk,16.0,2023,2400.0,2026-08-10T16:00:10
Acacia siculiformis,Dagger Wattle,Fabaceae,native,native,acacia siculiformis,Not Assessed / No exact match,0.0,,2.0,2026-04-04T15:50:58
Acacia stricta,Hop Wattle,Fabaceae,native,native,acacia stricta,Not Assessed / No exact match,1.0,2023,423.0,2026-08-07T16:51:59
Acacia suaveolens,Sweet Wattle,Fabaceae,native,native,acacia suaveolens,Not Assessed / No exact match,0.0,,839.0,2026-08-08T17:14:10
Acacia ulicifolia,Juniper Wattle,Fabaceae,native,native,acacia ulicifolia,Not Assessed / No exact match,0.0,,337.0,2026-08-10T17:41:32
Acacia verticillata,Prickly Moses,Fabaceae,native,native,acacia verticillata,Not Assessed / No exact match,6.0,2023,3044.0,2026-08-10T08:38:37
Acacia verticillata subsp. cephalantha,,Fabaceae,native,native,acacia verticillata subsp cephalantha,Not Assessed / No exact match,6.0,2023,3044.0,2026-08-10T08:38:37
Acacia verticillata subsp. verticillata,,Fabaceae,native,native,acacia verticillata subsp verticillata,Not Assessed / No exact match,6.0,2023,3044.0,2026-08-10T08:38:37
Acaena echinata,Sheep's Burr,Rosaceae,native,native,acaena echinata,Not Assessed / No exact match,1.0,2023,331.0,2026-07-28T12:26:06
Acaena novae-zelandiae,Bidgee-widgee,Rosaceae,native,native,acaena novae-zelandiae,Not Assessed / No exact match,17.0,2023,2941.0,2026-08-09T16:58:07
Acaena ×ovina,Sheep's Burr,Rosaceae,native,native,acaena ovina,Not Assessed / No exact match,0.0,,0.0,
Acanthus mollis,Bear's Breech,Acanthaceae,introduced,naturalised,acanthus mollis,High Risk,0.0,,185.0,2026-07-27T17:01:35
Acer negundo,Box Elder,Sapindaceae,introduced,naturalised,acer negundo,Very High Risk,55.0,2022,169.0,2026-05-22T08:41:16
Acetosella vulgaris,Sheep Sorrel,Polygonaceae,introduced,naturalised,acetosella vulgaris,Moderately High Risk,2.0,2023,0.0,
Achrophyllum dentatum,,Daltoniaceae,native,native,achrophyllum dentatum,Not Assessed / No exact match,0.0,,143.0,2026-05-09T11:11
Acianthus pusillus,Small Mosquito Orchid,Orchidaceae,native,native,acianthus pusillus,Not Assessed / No exact match,0.0,,1170.0,2026-08-10T11:06:40
Acrocladium chlamydophyllum,,Acrocladiaceae,native,native,acrocladium chlamydophyllum,Not Assessed / No exact match,0.0,,11.0,2024-10-11T12:53
Acrotriche serrulata,Honey-pots,Ericaceae,native,native,acrotriche serrulata,Not Assessed / No exact match,3.0,1987,1203.0,2026-08-10T14:55:17
Adiantum aethiopicum,Common Maidenhair,Pteridaceae,native,native,adiantum aethiopicum,Not Assessed / No exact match,4.0,2023,1806.0,2026-08-06T11:29:41
Agapanthus praecox,,Amaryllidaceae,introduced,Not available,agapanthus praecox,Not Assessed / No exact match,0.0,,326.0,2026-08-08T15:42
Agapanthus praecox subsp. orientalis,Agapanthus,Amaryllidaceae,introduced,naturalised,agapanthus praecox subsp orientalis,Very High Risk,0.0,,326.0,2026-08-08T15:42
Agrostis capillaris,Brown-top Bent,Poaceae,introduced,Not available,agrostis capillaris,Not Assessed / No exact match,7.0,2023,42.0,2026-02-04T13:45:16
Agrostis capillaris var. capillaris,,Poaceae,introduced,naturalised,agrostis capillaris subsp capillaris,High Risk,7.0,2023,42.0,2026-02-04T13:45:16
Agrostis stolonifera,Creeping Bent,Poaceae,introduced,naturalised,agrostis stolonifera,High Risk,2.0,1994,1.0,2024-08-16T11:51:58
Aira elegantissima,,Poaceae,introduced,naturalised,aira elegantissima,Moderately High Risk,1.0,1986,0.0,
Aizoon pubescens,Galenia,Aizoaceae,introduced,naturalised,aizoon pubescens,Moderately High Risk,1.0,2020,652.0,2026-08-04T11:50:21
Alisma plantago-aquatica,Water Plantain,Alismataceae,native,native,alisma plantago-aquatica,Not Assessed / No exact match,13.0,2023,204.0,2026-08-07T15:40:07
Allittia cardiocarpa,Swamp Daisy,Asteraceae,native,native,allittia cardiocarpa,Not Assessed / No exact match,0.0,,113.0,2026-07-22T14:41:26
Allium triquetrum,Three-corner Garlic,Amaryllidaceae,introduced,naturalised,allium triquetrum,High Risk,38.0,2023,1708.0,2026-08-09T17:00:26
Allocasuarina littoralis,Black Sheoak,Casuarinaceae,native,native,allocasuarina littoralis,Not Assessed / No exact match,6.0,2023,336.0,2026-07-19T11:01
Allocasuarina paludosa,Scrub Sheoak,Casuarinaceae,native,native,allocasuarina paludosa,Not Assessed / No exact match,0.0,,73.0,2026-07-07T13:18
Allocasuarina paradoxa,,Casuarinaceae,native,native,allocasuarina paradoxa,Not Assessed / No exact match,0.0,,10.0,2025-03-20T10:10
Allocasuarina pusilla,Dwarf Sheoak,Casuarinaceae,native,native,allocasuarina pusilla,Not Assessed / No exact match,0.0,,13.0,2025-09-16T15:11
Allocasuarina verticillata,Drooping Sheoak,Casuarinaceae,native,native,allocasuarina verticillata,Not Assessed / No exact match,1.0,2020,532.0,2026-08-09T09:46:53
Alopecurus pratensis,Meadow Fox-tail,Poaceae,introduced,naturalised,alopecurus pratensis,High Risk,0.0,,62.0,2025-11-24T13:21
Alternanthera denticulata,Lesser Joyweed,Amaranthaceae,native,native,alternanthera denticulata,Not Assessed / No exact match,1.0,1987,378.0,2026-08-06T21:13:14
Alternanthera philoxeroides,Alligator Weed,Amaranthaceae,introduced,naturalised,alternanthera philoxeroides,Very High Risk,79.0,2004,1.0,2022-04-06T06:56
Amelichloa caudata,,Poaceae,introduced,naturalised,amelichloa caudata,Very High Risk,0.0,,4.0,2025-12-09T10:40:51
Amperea xiphoclada,,Euphorbiaceae,native,native,amperea xiphoclada,Not Assessed / No exact match,0.0,,883.0,2026-08-08T16:25:37
Amperea xiphoclada var. xiphoclada,Broom Spurge,Euphorbiaceae,native,native,amperea xiphoclada subsp xiphoclada,Not Assessed / No exact match,0.0,,883.0,2026-08-08T16:25:37
Amphibromus archeri,Pointed Swamp Wallaby-grass,Poaceae,native,native,amphibromus archeri,Not Assessed / No exact match,0.0,,1.0,2026-01-03T13:14:46
Amphibromus nervosus,Common Swamp Wallaby-grass,Poaceae,native,native,amphibromus nervosus,Not Assessed / No exact match,3.0,1994,22.0,2026-05-02T14:19:48
Amyema miquelii,Box Mistletoe,Loranthaceae,native,native,amyema miquelii,Not Assessed / No exact match,0.0,,499.0,2026-08-07T10:42:03
Amyema miraculosa,Fleshy Mistletoe,Loranthaceae,native,native,amyema miraculosa,Not Assessed / No exact match,0.0,,58.0,2026-07-23T10:22:47
Amyema pendula,Drooping Mistletoe,Loranthaceae,native,native,amyema pendula,Not Assessed / No exact match,3.0,1987,1266.0,2026-08-10T17:32:47
Amyema pendula subsp. pendula,Drooping Mistletoe,Loranthaceae,native,native,amyema pendula subsp pendula,Not Assessed / No exact match,3.0,1987,1266.0,2026-08-10T17:32:47
Angianthus preissianus,Salt Angianthus,Asteraceae,native,native,angianthus preissianus,Not Assessed / No exact match,0.0,,7.0,2023-11-18T11:23
Anredera cordifolia,Madeira Vine | Jalap,Basellaceae,introduced,naturalised,anredera cordifolia,High Risk,3.0,2022,156.0,2026-08-06T09:06:01
Anthosachne scabra,Common Wheat-grass,Poaceae,native,native,anthosachne scabra,Not Assessed / No exact match,3.0,2023,164.0,2026-06-12T09:15:51
Anthoxanthum odoratum,Sweet Vernal-grass,Poaceae,introduced,naturalised,anthoxanthum odoratum,High Risk,17.0,2023,1499.0,2026-08-03T10:15:38
Aotus ericoides,Common Aotus,Fabaceae,native,native,aotus ericoides,Not Assessed / No exact match,0.0,,463.0,2026-07-27T12:24
Aphelia gracilis,Slender Aphelia,Restionaceae,native,native,aphelia gracilis,Not Assessed / No exact match,0.0,,1.0,2021-10-29T14:45
Aphelia pumilio,Dwarf Aphelia,Restionaceae,native,native,aphelia pumilio,Not Assessed / No exact match,0.0,,25.0,2025-11-21T11:45
Arbutus unedo,Irish Strawberry Tree,Ericaceae,introduced,naturalised,arbutus unedo,High Risk,1.0,1985,75.0,2026-07-07T14:41:53
Arctotheca calendula,Capeweed,Asteraceae,introduced,naturalised,arctotheca calendula,Medium Risk,4.0,2024,2349.0,2026-08-09T16:50:23
Arthropodium fimbriatum,Nodding Chocolate-lily,Asparagaceae,native,native,arthropodium fimbriatum,Not Assessed / No exact match,0.0,,156.0,2026-03-23T10:51:16
Arthropodium milleflorum,Pale Vanilla-lily,Asparagaceae,native,native,arthropodium milleflorum,Not Assessed / No exact match,0.0,,558.0,2026-04-26T10:53:10
Arthropodium strictum,Chocolate Lily,Asparagaceae,native,native,arthropodium strictum,Not Assessed / No exact match,8.0,2023,3861.0,2026-06-09T11:04:48
Asparagus asparagoides,,Asparagaceae,introduced,naturalised,asparagus asparagoides,High Risk,7.0,2022,1157.0,2026-08-08T15:59
Atriplex cinerea,Coast Saltbush,Chenopodiaceae,native,native,atriplex cinerea,Not Assessed / No exact match,0.0,,841.0,2026-08-08T13:29:54
Atriplex prostrata,Orache,Chenopodiaceae,introduced,naturalised,atriplex prostrata,High Risk,2.0,1987,180.0,2026-05-28T09:40:54
Austrostipa mollis,,Poaceae,native,native,austrostipa mollis,Not Assessed / No exact match,1.0,2023,119.0,2026-04-18T09:13:06
Austrostipa pubinodis,,Poaceae,native,native,austrostipa pubinodis,Not Assessed / No exact match,2.0,2023,20.0,2025-11-12T15:20:23
Austrostipa rudis,,Poaceae,native,native,austrostipa rudis,Not Assessed / No exact match,16.0,2023,110.0,2026-03-14T15:37
Austrostipa rudis subsp. rudis,,Poaceae,native,native,austrostipa rudis subsp rudis,Not Assessed / No exact match,16.0,2023,110.0,2026-03-14T15:37
Austrostipa scabra,,Poaceae,native,native,austrostipa scabra,Not Assessed / No exact match,0.0,,47.0,2026-05-13T17:28:14
Austrostipa scabra subsp. scabra,,Poaceae,native,native,austrostipa scabra subsp scabra,Not Assessed / No exact match,0.0,,47.0,2026-05-13T17:28:14
Austrostipa stipoides,,Poaceae,native,native,austrostipa stipoides,Not Assessed / No exact match,0.0,,224.0,2026-07-08T12:10:06
Avena fatua,Wild Oat,Poaceae,introduced,naturalised,avena fatua,High Risk,3.0,2025,19.0,2025-12-09T10:18
Avena sterilis,Sterile Oat,Poaceae,introduced,naturalised,avena sterilis,Moderately High Risk,1.0,1986,3.0,2025-11-05T13:17:27
Azolla rubra,,Salviniaceae,native,native,azolla rubra,Not Assessed / No exact match,1.0,2016,321.0,2026-07-28T12:24:25
Banksia integrifolia,,Proteaceae,native,native,banksia integrifolia,Not Assessed / No exact match,0.0,,1121.0,2026-08-10T14:27:42
Banksia integrifolia subsp. integrifolia,,Proteaceae,native,native,banksia integrifolia subsp integrifolia,Not Assessed / No exact match,0.0,,1121.0,2026-08-10T14:27:42
Banksia marginata,Silver Banksia | Warrock,Proteaceae,native,native,banksia marginata,Not Assessed / No exact match,34.0,2023,2966.0,2026-08-08T16:53:39
Bellis perennis,English Daisy,Asteraceae,introduced,naturalised,bellis perennis,Medium Risk,2.0,2023,1722.0,2026-08-10T17:08:47
Berula erecta,Water Parsnip,Apiaceae,uncertain,Not available,berula erecta,Lower Risk,1.0,2005,29.0,2026-05-02T14:50
Bidens pilosa,Cobbler's-pegs,Asteraceae,introduced,naturalised,bidens pilosa,Not Assessed / No exact match,1.0,2020,63.0,2026-08-02T17:18:17
Bidens pilosa var. minor,,Asteraceae,introduced,naturalised,bidens pilosa subsp minor,Lower Risk,1.0,2020,63.0,2026-08-02T17:18:17
Billardiera mutabilis,,Pittosporaceae,native,native,billardiera mutabilis,Not Assessed / No exact match,0.0,,1266.0,2026-08-08T16:51
Billardiera scandens,Common Apple-berry,Pittosporaceae,native,native,billardiera scandens,Not Assessed / No exact match,3.0,1987,123.0,2026-07-21T14:34:56
Boronia parviflora,Swamp Boronia,Rutaceae,native,native,boronia parviflora,Not Assessed / No exact match,0.0,,42.0,2025-11-14T13:50:05
Bossiaea cinerea,Showy Bossiaea,Fabaceae,native,native,bossiaea cinerea,Not Assessed / No exact match,0.0,,755.0,2026-08-08T12:09
Bossiaea prostrata,Creeping Bossiaea,Fabaceae,native,native,bossiaea prostrata,Not Assessed / No exact match,8.0,2023,1289.0,2026-07-23T13:30:02
Bothriochloa macra,Red-leg Grass,Poaceae,native,native,bothriochloa macra,Not Assessed / No exact match,0.0,,113.0,2026-07-07T13:31:53
Brachyscome diversifolia,Tall Daisy,Asteraceae,native,native,brachyscome diversifolia,Not Assessed / No exact match,0.0,,81.0,2026-07-03T13:09:30
Brachyscome parvula,Coast Daisy,Asteraceae,native,native,brachyscome parvula,Not Assessed / No exact match,0.0,,2.0,2025-05-15T14:30:03
Brachyscome perpusilla,Tiny Daisy,Asteraceae,native,native,brachyscome perpusilla,Not Assessed / No exact match,0.0,,75.0,2026-08-06T16:19:36
Brassica fruticulosa,Twiggy Turnip,Brassicaceae,introduced,naturalised,brassica fruticulosa,High Risk,3.0,2025,170.0,2026-08-01T15:00:30
Briza maxima,Large Quaking Grass | Shelly Grass,Poaceae,introduced,naturalised,briza maxima,Moderately High Risk,16.0,2023,1631.0,2026-06-16T12:19:20
Briza minor,Lesser Quaking Grass | Shivery Grass,Poaceae,introduced,naturalised,briza minor,Moderately High Risk,4.0,2023,418.0,2026-07-17T10:38
Bromus catharticus,Prairie Grass,Poaceae,introduced,Not available,bromus catharticus,Not Assessed / No exact match,21.0,2023,404.0,2026-07-01T14:09:58
Bromus diandrus,Great Brome,Poaceae,introduced,naturalised,bromus diandrus,Medium Risk,3.0,2005,251.0,2026-07-11T12:45
Bromus hordeaceus,Soft Brome,Poaceae,introduced,naturalised,bromus hordeaceus,Medium Risk,3.0,2005,215.0,2026-04-26T15:03
Brunonia australis,Blue Pincushion,Goodeniaceae,native,native,brunonia australis,Not Assessed / No exact match,0.0,,1972.0,2026-08-07T12:08:47
Bryum argenteum,,Bryaceae,uncertain,Not available,bryum argenteum,Not Assessed / No exact match,1.0,2012,56.0,2026-06-15T14:03
Bulbine bulbosa,Bulbine Lily | Pike,Asphodelaceae,native,native,bulbine bulbosa,Not Assessed / No exact match,1.0,2023,1074.0,2026-08-04T11:47:16
Burchardia umbellata,Milkmaids | Popoto,Colchicaceae,native,native,burchardia umbellata,Not Assessed / No exact match,7.0,2023,4294.0,2026-08-09T16:22:21
Burnettia cuneata,Burnettia | Lizard Orchid,Orchidaceae,native,native,burnettia cuneata,Not Assessed / No exact match,0.0,,0.0,
Bursaria spinosa,Kurwan | Tupy | Sweet Bursaria | Native Box,Pittosporaceae,native,native,bursaria spinosa,Not Assessed / No exact match,24.0,2023,4005.0,2026-08-08T16:11:26
Bursaria spinosa subsp. spinosa,,Pittosporaceae,native,native,bursaria spinosa subsp spinosa,Not Assessed / No exact match,24.0,2023,4005.0,2026-08-08T16:11:26
Caesia calliantha,Blue Grass-lily,Asphodelaceae,native,native,caesia calliantha,Not Assessed / No exact match,2.0,1991,388.0,2026-07-31T17:26:59
Caesia parviflora,Pale Grass-lily,Asphodelaceae,native,native,caesia parviflora,Not Assessed / No exact match,3.0,1987,663.0,2026-05-16T15:47:26
Caesia parviflora var. minor,,Asphodelaceae,native,native,caesia parviflora subsp minor,Not Assessed / No exact match,3.0,1987,663.0,2026-05-16T15:47:26
Caesia parviflora var. parviflora,,Asphodelaceae,native,native,caesia parviflora subsp parviflora,Not Assessed / No exact match,3.0,1987,663.0,2026-05-16T15:47:26
Caladenia australis,Southern Spider-orchid,Orchidaceae,native,native,caladenia australis,Not Assessed / No exact match,0.0,,64.0,2025-11-04T13:35:41
Caladenia oenochila,,Orchidaceae,native,native,caladenia oenochila,Not Assessed / No exact match,0.0,,300.0,2025-11-02T18:20:45
Caladenia parva,Green-comb Spider-orchid,Orchidaceae,native,native,caladenia parva,Not Assessed / No exact match,0.0,,818.0,2025-11-18T11:07
Caladenia robinsonii,,Orchidaceae,native,native,caladenia robinsonii,Not Assessed / No exact match,0.0,,6.0,2023-09-24T12:17:29
Caladenia venusta,White Spider-orchid,Orchidaceae,native,native,caladenia venusta,Not Assessed / No exact match,0.0,,367.0,2025-11-17T17:13:11
Caleana major,Large Duck-orchid | Flying Ducks,Orchidaceae,native,native,caleana major,Not Assessed / No exact match,0.0,,673.0,2026-08-08T14:44:05
Callitriche stagnalis,Common Water-starwort,Plantaginaceae,introduced,naturalised,callitriche stagnalis,Moderately High Risk,8.0,2016,139.0,2026-07-19T13:14
Calochilus paludosus,Red Beard-orchid,Orchidaceae,native,native,calochilus paludosus,Not Assessed / No exact match,0.0,,188.0,2025-12-06T12:50:11
Calystegia sepium,Large Bindweed,Convolvulaceae,native,native,calystegia sepium,Not Assessed / No exact match,0.0,,163.0,2026-05-02T14:08:20
Calystegia sepium subsp. roseata,,Convolvulaceae,native,native,calystegia sepium subsp roseata,Not Assessed / No exact match,0.0,,163.0,2026-05-02T14:08:20
Calystegia silvatica,Greater Bindweed,Convolvulaceae,introduced,Not available,calystegia silvatica,Not Assessed / No exact match,1.0,2022,30.0,2026-02-19T15:28:24
Calystegia silvatica subsp. silvatica,,Convolvulaceae,introduced,naturalised,calystegia silvatica subsp silvatica,Moderately High Risk,1.0,2022,30.0,2026-02-19T15:28:24
Campylopus appressifolius,,Leucobryaceae,native,native,campylopus appressifolius,Not Assessed / No exact match,0.0,,0.0,
Campylopus introflexus,,Leucobryaceae,native,native,campylopus introflexus,Not Assessed / No exact match,1.0,1991,410.0,2026-05-23T13:20
Campylopus kirkii,,Leucobryaceae,native,native,campylopus kirkii,Not Assessed / No exact match,0.0,,0.0,
Cardamine hirsuta,Common Bitter-cress,Brassicaceae,introduced,naturalised,cardamine hirsuta,Medium Risk,2.0,2016,107.0,2026-08-06T14:24:53
Cardamine moirensis,,Brassicaceae,native,native,cardamine moirensis,Not Assessed / No exact match,0.0,,0.0,
Carduus pycnocephalus,Slender Thistle,Asteraceae,introduced,naturalised,carduus pycnocephalus,Moderately High Risk,0.0,,113.0,2026-07-27T15:06:40
Carex appressa,Tall Sedge,Cyperaceae,native,native,carex appressa,Not Assessed / No exact match,10.0,2023,357.0,2026-06-23T08:04:31
Carex breviculmis,Short-stem Sedge,Cyperaceae,native,native,carex breviculmis,Not Assessed / No exact match,1.0,1991,24.0,2025-12-23T12:11:52
Carex fascicularis,Tassel Sedge,Cyperaceae,native,native,carex fascicularis,Not Assessed / No exact match,1.0,2016,221.0,2026-06-19T13:49:24
Carex gaudichaudiana,Fen Sedge,Cyperaceae,native,native,carex gaudichaudiana,Not Assessed / No exact match,3.0,1994,25.0,2025-10-27T15:09:35
Carex inversa,Knob Sedge,Cyperaceae,native,native,carex inversa,Not Assessed / No exact match,3.0,2023,49.0,2026-07-29T15:40:12
Carthamus tinctorius,Safflower,Asteraceae,introduced,naturalised,carthamus tinctorius,Lower Risk,0.0,,1.0,2024-01-27T17:03:39
Cassinia aculeata,Common Cassinia | Dogwood,Asteraceae,native,native,cassinia aculeata,Not Assessed / No exact match,5.0,2023,1291.0,2026-08-09T16:57:36
Cassinia aculeata subsp. aculeata,,Asteraceae,native,native,cassinia aculeata subsp aculeata,Not Assessed / No exact match,5.0,2023,1291.0,2026-08-09T16:57:36
Cassinia arcuata,,Asteraceae,native,native,cassinia arcuata,Not Assessed / No exact match,0.0,,0.0,
Cassinia longifolia,Shiny Cassinia | Long-leaf Dogwood,Asteraceae,native,native,cassinia longifolia,Not Assessed / No exact match,3.0,2023,1355.0,2026-08-04T17:43
Cassinia sifton,Drooping Cassinia  | Chinese Scrub | Sifton Bush,Asteraceae,uncertain,Not available,cassinia sifton,Medium Risk,8.0,2025,1767.0,2026-08-08T18:03
Cassytha glabella,Slender Dodder-laurel | Tangled Dodder-laurel,Lauraceae,native,native,cassytha glabella,Not Assessed / No exact match,0.0,,612.0,2026-08-07T14:23:26
Cassytha glabella f. dispar,,Lauraceae,native,native,cassytha glabella subsp dispar,Not Assessed / No exact match,0.0,,612.0,2026-08-07T14:23:26
Cassytha melantha,Coarse Dodder-laurel,Lauraceae,native,native,cassytha melantha,Not Assessed / No exact match,2.0,2023,471.0,2026-07-21T14:08:38
Cassytha pubescens,Downy Dodder-laurel,Lauraceae,native,native,cassytha pubescens,Not Assessed / No exact match,3.0,1987,358.0,2026-07-06T12:31
Cenchrus clandestinus,Kikuyu,Poaceae,introduced,naturalised,cenchrus clandestinus,Very High Risk,66.0,2025,441.0,2026-08-07T15:23:59
Cenchrus longispinus,Spiny Burr-grass,Poaceae,introduced,naturalised,cenchrus longispinus,High Risk,0.0,,13.0,2026-04-29T11:11:07
Centaurium erythraea,Common Centaury,Gentianaceae,introduced,naturalised,centaurium erythraea,Moderately High Risk,8.0,2023,746.0,2026-07-13T14:03
Centella cordifolia,Centella,Apiaceae,native,native,centella cordifolia,Not Assessed / No exact match,1.0,1986,482.0,2026-08-08T13:04:16
Centipeda cunninghamii,Common Sneezeweed,Asteraceae,native,native,centipeda cunninghamii,Not Assessed / No exact match,0.0,,160.0,2026-07-13T09:28:33
Centrolepis aristata,Pointed Centrolepis,Restionaceae,native,native,centrolepis aristata,Not Assessed / No exact match,0.0,,46.0,2025-12-22T11:31
Centrolepis fascicularis,Tufted Centrolepis,Restionaceae,native,native,centrolepis fascicularis,Not Assessed / No exact match,0.0,,14.0,2026-03-15T14:18
Centrolepis strigosa,,Restionaceae,native,native,centrolepis strigosa,Not Assessed / No exact match,0.0,,165.0,2025-12-10T13:16
Centrolepis strigosa subsp. strigosa,Hairy Centrolepis,Restionaceae,native,native,centrolepis strigosa subsp strigosa,Not Assessed / No exact match,0.0,,165.0,2025-12-10T13:16
Cerastium glomeratum,Sticky Mouse-ear Chickweed,Caryophyllaceae,introduced,naturalised,cerastium glomeratum,Medium Risk,7.0,2023,331.0,2026-08-10T17:25:28
Ceratodon purpureus,,Ditrichaceae,native,native,ceratodon purpureus,High Risk,1.0,2012,26.0,2025-06-17T15:26:06
Chamaecytisus palmensis,Tree Lucerne,Fabaceae,introduced,naturalised,chamaecytisus palmensis,Very High Risk,4.0,2025,0.0,
Chamaescilla corymbosa,,Asphodelaceae,native,native,chamaescilla corymbosa,Not Assessed / No exact match,0.0,,1513.0,2026-08-09T16:57:39
Chamaescilla corymbosa var. corymbosa,Blue Stars | Mudrurt,Asphodelaceae,native,native,chamaescilla corymbosa subsp corymbosa,Not Assessed / No exact match,0.0,,1513.0,2026-08-09T16:57:39
Chasmanthe floribunda,,Iridaceae,introduced,naturalised,chasmanthe floribunda,Very High Risk,0.0,,15.0,2026-07-08T15:27:25
Chenopodium album,Fat Hen | White Goosefoot,Chenopodiaceae,introduced,naturalised,chenopodium album,Medium Risk,0.0,,66.0,2026-06-09T10:25:11
Chenopodium murale,Sowbane,Chenopodiaceae,introduced,naturalised,chenopodium murale,Medium Risk,0.0,,0.0,
Chiloglottis curviclavia,,Orchidaceae,native,native,chiloglottis curviclavia,Not Assessed / No exact match,0.0,,103.0,2026-07-04T12:45:32
Chiloglottis reflexa,,Orchidaceae,native,native,chiloglottis reflexa,Not Assessed / No exact match,0.0,,5.0,2026-03-19T13:55
Chrysocephalum apiculatum,Common Everlasting,Asteraceae,native,native,chrysocephalum apiculatum,Not Assessed / No exact match,1.0,2023,1394.0,2026-08-07T09:56:07
Chrysocephalum semipapposum,Clustered Everlasting,Asteraceae,native,native,chrysocephalum semipapposum,Not Assessed / No exact match,4.0,2023,1575.0,2026-08-08T14:36:13
Cirsium vulgare,Spear Thistle,Asteraceae,introduced,naturalised,cirsium vulgare,Moderately High Risk,6.0,2025,2418.0,2026-08-05T11:27
Clematis aristata,Mountain Clematis,Ranunculaceae,native,native,clematis aristata,Not Assessed / No exact match,4.0,2023,2082.0,2026-08-08T12:06:35
Clematis microphylla,Small-leaved Clematis | Kenam,Ranunculaceae,native,native,clematis microphylla,Not Assessed / No exact match,5.0,2023,2186.0,2026-08-10T10:08:40
Comesperma calymega,Blue-spike Milkwort,Polygalaceae,native,native,comesperma calymega,Not Assessed / No exact match,0.0,,305.0,2026-04-19T17:04:27
Comesperma defoliatum,Leafless Milkwort,Polygalaceae,native,native,comesperma defoliatum,Not Assessed / No exact match,0.0,,14.0,2026-02-10T12:02:28
Comesperma ericinum,Heath Milkwort,Polygalaceae,native,native,comesperma ericinum,Not Assessed / No exact match,0.0,,356.0,2026-08-09T10:04:08
Comesperma volubile,Love Creeper,Polygalaceae,native,native,comesperma volubile,Not Assessed / No exact match,0.0,,2657.0,2026-08-08T16:03:50
Coprosma quadrifida,Prickly Currant-bush,Rubiaceae,native,native,coprosma quadrifida,Not Assessed / No exact match,15.0,2023,2784.0,2026-08-10T11:16:56
Coprosma repens,Mirror Bush | Taupata | Maori Name,Rubiaceae,introduced,naturalised,coprosma repens,Very High Risk,3.0,2023,708.0,2026-08-09T15:42
Cordyline australis,New Zealand Cabbage-tree,Asparagaceae,introduced,naturalised,cordyline australis,High Risk,1.0,2022,79.0,2026-03-11T15:31:38
Coronidium elatum,,Asteraceae,native,native,coronidium elatum,Not Assessed / No exact match,0.0,,24.0,2025-09-16T15:52:16
Coronidium gunnianum,,Asteraceae,native,native,coronidium gunnianum,Not Assessed / No exact match,0.0,,87.0,2026-07-23T11:38:59
Coronidium scorpioides,,Asteraceae,native,native,coronidium scorpioides,Not Assessed / No exact match,2.0,1987,2514.0,2026-08-08T14:26:30
Correa reflexa,Common Correa | Native Fuchsia,Rutaceae,native,native,correa reflexa,Not Assessed / No exact match,4.0,2020,2899.0,2026-08-08T14:11:16
Correa reflexa var. lobata,,Rutaceae,native,native,correa reflexa subsp lobata,Not Assessed / No exact match,4.0,2020,2899.0,2026-08-08T14:11:16
Correa reflexa var. reflexa,,Rutaceae,native,native,correa reflexa subsp reflexa,Not Assessed / No exact match,4.0,2020,2899.0,2026-08-08T14:11:16
Cortaderia selloana,Pampas Grass,Poaceae,introduced,naturalised,cortaderia selloana,High Risk,0.0,,229.0,2026-07-26T10:55
Cortaderia selloana subsp. selloana,,Poaceae,introduced,naturalised,cortaderia selloana subsp selloana,Not Assessed / No exact match,0.0,,229.0,2026-07-26T10:55
Corunastylis archeri,,Orchidaceae,native,native,corunastylis archeri,Not Assessed / No exact match,0.0,,0.0,
Corunastylis ciliata,,Orchidaceae,native,native,corunastylis ciliata,Not Assessed / No exact match,0.0,,0.0,
Corunastylis despectans,,Orchidaceae,native,native,corunastylis despectans,Not Assessed / No exact match,0.0,,0.0,
Corunastylis morrisii,,Orchidaceae,native,native,corunastylis morrisii,Not Assessed / No exact match,0.0,,0.0,
Corunastylis pumila,,Orchidaceae,native,native,corunastylis pumila,Not Assessed / No exact match,0.0,,0.0,
Corybas fimbriatus,Fringed Helmet-orchid,Orchidaceae,native,native,corybas fimbriatus,Not Assessed / No exact match,0.0,,99.0,2026-07-18T10:01
Corybas incurvus,Slaty Helmet-orchid,Orchidaceae,native,native,corybas incurvus,Not Assessed / No exact match,0.0,,575.0,2026-08-10T12:58:09
Corybas unguiculatus,Small Helmet-orchid,Orchidaceae,native,native,corybas unguiculatus,Not Assessed / No exact match,0.0,,120.0,2026-08-02T15:11:22
Corymbia citriodora,,Myrtaceae,introduced,Not available,corymbia citriodora,Not Assessed / No exact match,1.0,2023,41.0,2026-04-25T13:47:30
Corymbia citriodora subsp. citriodora,,Myrtaceae,introduced,naturalised,corymbia citriodora subsp citriodora,Moderately High Risk,1.0,2023,41.0,2026-04-25T13:47:30
Corymbia maculata,,Myrtaceae,native,native,corymbia maculata,Very High Risk,2.0,2023,92.0,2026-07-17T14:50:19
Cotoneaster glaucophyllus,,Rosaceae,introduced,naturalised,cotoneaster glaucophyllus,Very High Risk,1.0,2023,135.0,2026-08-10T17:05:37
Cotoneaster pannosus,,Rosaceae,introduced,naturalised,cotoneaster pannosus,Very High Risk,3.0,1987,33.0,2026-05-21T16:32:05
Cotoneaster simonsii,,Rosaceae,introduced,naturalised,cotoneaster simonsii,Very High Risk,0.0,,2.0,2024-05-04T14:09:48
Cotula australis,Common Cotula,Asteraceae,uncertain,Not available,cotula australis,Not Assessed / No exact match,0.0,,442.0,2026-08-02T15:10:48
Cotula coronopifolia,Water-buttons,Asteraceae,introduced,naturalised,cotula coronopifolia,Medium Risk,1.0,1987,605.0,2026-08-03T09:47:13
Crassula decumbens,Spreading Crassula,Crassulaceae,native,native,crassula decumbens,Not Assessed / No exact match,5.0,2005,336.0,2026-08-11T07:53:56
Crassula decumbens var. decumbens,,Crassulaceae,native,native,crassula decumbens subsp decumbens,Not Assessed / No exact match,5.0,2005,336.0,2026-08-11T07:53:56
Crassula helmsii,Swamp Crassula,Crassulaceae,native,native,crassula helmsii,Not Assessed / No exact match,3.0,1994,237.0,2026-08-07T15:29:36
Crassula multicava,,Crassulaceae,introduced,Not available,crassula multicava,Not Assessed / No exact match,0.0,,165.0,2026-08-08T16:23
Crassula multicava subsp. multicava,Fairy Crassula,Crassulaceae,introduced,naturalised,crassula multicava subsp multicava,High Risk,0.0,,165.0,2026-08-08T16:23
Crassula peduncularis,Purple Crassula,Crassulaceae,native,native,crassula peduncularis,Not Assessed / No exact match,0.0,,5.0,2025-11-10T11:06:32
Crassula tetramera,,Crassulaceae,native,native,crassula tetramera,Not Assessed / No exact match,0.0,,0.0,
Crataegus monogyna,Hawthorn,Rosaceae,introduced,naturalised,crataegus monogyna,High Risk,18.0,2023,259.0,2026-07-01T15:18
Crepis capillaris,Smooth Hawksbeard,Asteraceae,introduced,naturalised,crepis capillaris,High Risk,0.0,,134.0,2026-01-30T15:54:09
Crocosmia ×crocosmiiflora,Montbretia,Iridaceae,introduced,naturalised,crocosmia crocosmiiflora,Not Assessed / No exact match,0.0,,0.0,
Cryptostylis subulata,Large Tongue-orchid,Orchidaceae,native,native,cryptostylis subulata,Not Assessed / No exact match,0.0,,664.0,2026-08-09T11:48:08
Cyanicula caerulea,,Orchidaceae,native,native,cyanicula caerulea,Not Assessed / No exact match,0.0,,791.0,2026-08-08T11:39:44
Cyclospermum leptophyllum,Slender Celery,Apiaceae,introduced,naturalised,cyclospermum leptophyllum,Medium Risk,0.0,,36.0,2026-04-27T10:45:42
Cycnogeton procerum,,Juncaginaceae,native,native,cycnogeton procerum,Not Assessed / No exact match,1.0,2023,0.0,
Cynodon dactylon,Couch,Poaceae,native,native,cynodon dactylon,Not Assessed / No exact match,8.0,2025,262.0,2026-07-01T15:05:32
Cynodon dactylon var. dactylon,,Poaceae,introduced,naturalised,cynodon dactylon subsp dactylon,Moderately High Risk,8.0,2025,262.0,2026-07-01T15:05:32
Cynosurus echinatus,Rough Dog's-tail,Poaceae,introduced,naturalised,cynosurus echinatus,High Risk,1.0,1987,0.0,
Cyperus eragrostis,Drain Flat-sedge,Cyperaceae,introduced,naturalised,cyperus eragrostis,Medium Risk,20.0,2023,1426.0,2026-07-28T12:52:32
Cyrtostylis reniformis,Gnat Orchid,Orchidaceae,native,native,cyrtostylis reniformis,Not Assessed / No exact match,0.0,,498.0,2026-08-08T14:59:45
Dactylis glomerata,Cocksfoot,Poaceae,introduced,naturalised,dactylis glomerata,High Risk,14.0,2025,1481.0,2026-08-03T11:40
Datura stramonium,Common Thorn-apple,Solanaceae,introduced,naturalised,datura stramonium,Moderately High Risk,0.0,,156.0,2026-07-25T12:54:25
Daucus carota,Carrot,Apiaceae,introduced,naturalised,daucus carota,High Risk,1.0,2021,412.0,2026-07-28T16:58:53
Daucus glochidiatus,Australian Carrot,Apiaceae,native,native,daucus glochidiatus,Not Assessed / No exact match,0.0,,189.0,2026-07-27T13:23:22
Daviesia latifolia,Hop Bitter-pea,Fabaceae,native,native,daviesia latifolia,Not Assessed / No exact match,1.0,1987,810.0,2026-08-04T14:45:02
Daviesia leptophylla,Narrow-leaf Bitter-pea,Fabaceae,native,native,daviesia leptophylla,Not Assessed / No exact match,3.0,2023,1449.0,2026-08-08T16:40
Daviesia ulicifolia,Gorse Bitter-pea,Fabaceae,native,native,daviesia ulicifolia,Not Assessed / No exact match,0.0,,1168.0,2026-08-10T15:15:27
Daviesia ulicifolia subsp. ulicifolia,,Fabaceae,native,native,daviesia ulicifolia subsp ulicifolia,Not Assessed / No exact match,0.0,,1168.0,2026-08-10T15:15:27
Delairea odorata,Ivy Groundsel | Cape Ivy,Asteraceae,introduced,naturalised,delairea odorata,Very High Risk,3.0,2023,514.0,2026-08-03T11:00:53
Deschampsia cespitosa,Tufted Hair-grass,Poaceae,native,native,deschampsia cespitosa,Not Assessed / No exact match,1.0,1998,1.0,2024-03-22T13:23
Deyeuxia densa,,Poaceae,native,native,deyeuxia densa,Not Assessed / No exact match,0.0,,0.0,
Deyeuxia quadriseta,Reed Bent-grass,Poaceae,native,native,deyeuxia quadriseta,Not Assessed / No exact match,4.0,2023,0.0,
Dianella longifolia,Pale Flax-lily | Smooth Flax-lily,Asphodelaceae,native,native,dianella longifolia,Not Assessed / No exact match,4.0,2023,370.0,2026-07-28T14:20:44
Dianella longifolia var. longifolia,,Asphodelaceae,native,native,dianella longifolia subsp longifolia,Not Assessed / No exact match,4.0,2023,370.0,2026-07-28T14:20:44
Dianella revoluta,Black-anther Flax-lily | Spreading Flax-lily,Asphodelaceae,native,native,dianella revoluta,Not Assessed / No exact match,8.0,2023,1439.0,2026-08-07T11:40:11
Dianella revoluta var. revoluta,,Asphodelaceae,native,native,dianella revoluta subsp revoluta,Not Assessed / No exact match,8.0,2023,1439.0,2026-08-07T11:40:11
Dichelachne rara,,Poaceae,native,native,dichelachne rara,Not Assessed / No exact match,1.0,2005,0.0,
Dichondra repens,Kidney-weed,Convolvulaceae,native,native,dichondra repens,Not Assessed / No exact match,8.0,2023,2336.0,2026-08-08T12:45
Dicksonia antarctica,Soft Tree-fern | Kombadik,Dicksoniaceae,native,native,dicksonia antarctica,Not Assessed / No exact match,1.0,1987,1317.0,2026-08-08T17:42
Dicranoloma billarderii,,Dicranaceae,native,native,dicranoloma billarderii,Not Assessed / No exact match,0.0,,0.0,
Digitaria sanguinalis,Summer Grass,Poaceae,introduced,naturalised,digitaria sanguinalis,Medium Risk,0.0,,63.0,2026-06-18T11:54:38
Dillwynia cinerascens,Grey Parrot-pea,Fabaceae,native,native,dillwynia cinerascens,Not Assessed / No exact match,3.0,1987,1621.0,2026-08-07T14:15:38
Dillwynia glaberrima,Smooth Parrot-pea,Fabaceae,native,native,dillwynia glaberrima,Not Assessed / No exact match,1.0,1986,804.0,2026-08-09T14:02
Dillwynia sericea,,Fabaceae,native,native,dillwynia sericea,Not Assessed / No exact match,0.0,,1553.0,2026-08-10T17:47:06
Dipodium roseum,Hyacinth Orchid,Orchidaceae,native,native,dipodium roseum,Not Assessed / No exact match,0.0,,4118.0,2026-06-01T09:15:31
Dittrichia graveolens,Stinkwort,Asteraceae,introduced,naturalised,dittrichia graveolens,Moderately High Risk,0.0,,226.0,2026-07-22T13:06:44
Diuris chryseopsis,,Orchidaceae,native,native,diuris chryseopsis,Not Assessed / No exact match,0.0,,660.0,2025-10-31T09:06:47
Diuris orientis,,Orchidaceae,native,native,diuris orientis,Not Assessed / No exact match,0.0,,1830.0,2026-08-08T08:50:49
Diuris pardina,Leopard Orchid | Burny Burny,Orchidaceae,native,native,diuris pardina,Not Assessed / No exact match,0.0,,1869.0,2026-08-10T09:31:34
Diuris sulphurea,Tiger Orchid,Orchidaceae,native,native,diuris sulphurea,Not Assessed / No exact match,0.0,,1429.0,2026-08-03T21:42
Dodonaea viscosa,Sticky Hop-bush,Sapindaceae,native,native,dodonaea viscosa,Lower Risk,2.0,2020,1052.0,2026-08-07T10:41:39
Drosera aberrans,,Droseraceae,native,native,drosera aberrans,Not Assessed / No exact match,1.0,1985,3665.0,2026-08-10T11:06:41
Drosera auriculata,,Droseraceae,native,native,drosera auriculata,Not Assessed / No exact match,2.0,1986,2761.0,2026-08-09T08:53:08
Drosera binata,Forked Sundew,Droseraceae,native,native,drosera binata,Not Assessed / No exact match,0.0,,111.0,2026-02-24T10:39:22
Drosera glanduligera,Scarlet Sundew,Droseraceae,native,native,drosera glanduligera,Not Assessed / No exact match,0.0,,229.0,2026-08-09T15:17:10
Drosera hookeri,,Droseraceae,native,native,drosera hookeri,Not Assessed / No exact match,0.0,,584.0,2026-08-06T12:55:05
Drosera peltata,,Droseraceae,native,native,drosera peltata,Not Assessed / No exact match,1.0,1991,3.0,2022-11-26T15:54
Drosera pygmaea,Tiny Sundew,Droseraceae,native,native,drosera pygmaea,Not Assessed / No exact match,0.0,,268.0,2026-07-23T12:37:37
Drosera spatulata,Rosy Sundew,Droseraceae,native,native,drosera spatulata,Not Assessed / No exact match,0.0,,77.0,2026-06-25T14:11
Duma florulenta,Tangled Lignum,Polygonaceae,native,native,duma florulenta,Not Assessed / No exact match,1.0,2005,473.0,2026-08-04T08:48:03
Dysphania pumilio,,Chenopodiaceae,native,native,dysphania pumilio,Not Assessed / No exact match,0.0,,159.0,2026-05-06T13:44:20
Echinochloa crus-galli,Barnyard Grass,Poaceae,introduced,naturalised,echinochloa crus-galli,Medium Risk,1.0,2023,120.0,2026-05-14T14:04:41
Echium plantagineum,Paterson's Curse | Salvation Jane,Boraginaceae,introduced,naturalised,echium plantagineum,High Risk,1.0,2020,871.0,2026-08-08T15:40:15
Ehrharta erecta,Panic Veldt-grass,Poaceae,introduced,naturalised,ehrharta erecta,Very High Risk,13.0,2023,408.0,2026-08-10T17:20:41
Ehrharta longiflora,Annual Veldt-grass,Poaceae,introduced,naturalised,ehrharta longiflora,High Risk,6.0,2023,563.0,2026-08-08T14:29:21
Eleocharis acuta,Common Spike-rush,Cyperaceae,native,native,eleocharis acuta,Not Assessed / No exact match,6.0,2005,109.0,2026-04-15T11:46:26
Eleocharis atricha,,Cyperaceae,native,native,eleocharis atricha,Not Assessed / No exact match,0.0,,0.0,
Eleocharis sphacelata,Tall Spike-rush,Cyperaceae,native,native,eleocharis sphacelata,Not Assessed / No exact match,0.0,,199.0,2026-06-02T14:36
Eleusine indica,Goose-grass,Poaceae,introduced,naturalised,eleusine indica,Medium Risk,0.0,,38.0,2026-04-25T11:52:09
Eleusine tristachya,American Crows-foot Grass,Poaceae,introduced,naturalised,eleusine tristachya,Medium Risk,0.0,,104.0,2026-06-30T12:18:50
Empodisma minus,Spreading Rope-rush,Restionaceae,native,native,empodisma minus,Not Assessed / No exact match,0.0,,93.0,2026-07-21T15:03:53
Epacris impressa,Common Heath,Ericaceae,native,native,epacris impressa,Not Assessed / No exact match,2.0,1986,6406.0,2026-08-10T17:46:17
Epacris obtusifolia,Blunt-leaf Heath,Ericaceae,native,native,epacris obtusifolia,Not Assessed / No exact match,0.0,,44.0,2026-02-13T15:55
Epilobium billardiereanum,,Onagraceae,native,native,epilobium billardiereanum,Not Assessed / No exact match,1.0,2023,100.0,2026-07-07T15:46:27
Epilobium billardiereanum subsp. billardiereanum,,Onagraceae,native,native,epilobium billardiereanum subsp billardiereanum,Not Assessed / No exact match,1.0,2023,100.0,2026-07-07T15:46:27
Epilobium billardiereanum subsp. cinereum,,Onagraceae,native,native,epilobium billardiereanum subsp cinereum,Not Assessed / No exact match,1.0,2023,100.0,2026-07-07T15:46:27
Epilobium ciliatum,Glandular Willow-herb,Onagraceae,introduced,naturalised,epilobium ciliatum,Moderately High Risk,0.0,,36.0,2026-07-13T13:55:28
Epilobium hirtigerum,Hairy Willow-herb,Onagraceae,native,native,epilobium hirtigerum,Not Assessed / No exact match,12.0,2023,94.0,2026-07-02T12:51:07
Eragrostis brownii,Common Love-grass,Poaceae,native,native,eragrostis brownii,Not Assessed / No exact match,1.0,1991,29.0,2026-06-03T14:08
Eragrostis cilianensis,Stink-grass,Poaceae,introduced,naturalised,eragrostis cilianensis,Moderately High Risk,0.0,,34.0,2026-05-28T15:11:57
Eragrostis mexicana,Mexican Love-grass,Poaceae,introduced,naturalised,eragrostis mexicana,Very High Risk,0.0,,1.0,2026-03-30T13:58:02
Erica lusitanica,Spanish Heath,Ericaceae,introduced,naturalised,erica lusitanica,Very High Risk,0.0,,601.0,2026-08-10T17:45:27
Erigeron bonariensis,Flaxleaf Fleabane,Asteraceae,introduced,naturalised,erigeron bonariensis,Medium Risk,1.0,2025,229.0,2026-07-14T14:13:01
Erigeron karvinskianus,Seaside Daisy,Asteraceae,introduced,naturalised,erigeron karvinskianus,High Risk,1.0,2005,421.0,2026-08-08T14:00:15
Erigeron sumatrensis,Tall Fleabane,Asteraceae,introduced,naturalised,erigeron sumatrensis,Moderately High Risk,1.0,2023,27.0,2026-06-05T15:40
Eriobotrya japonica,Loquat,Rosaceae,introduced,adventive,eriobotrya japonica,Moderately High Risk,3.0,2023,164.0,2026-06-17T12:48:36
Eryngium vesiculosum,Prickfoot,Apiaceae,native,native,eryngium vesiculosum,Not Assessed / No exact match,0.0,,287.0,2026-07-19T13:46:30
Eschscholzia californica,Californian Poppy,Papaveraceae,introduced,naturalised,eschscholzia californica,Moderately High Risk,0.0,,40.0,2026-05-17T11:34
Eucalyptus aromaphloia,Scent-bark,Myrtaceae,native,native,eucalyptus aromaphloia,Not Assessed / No exact match,0.0,,36.0,2026-06-21T13:47
Eucalyptus behriana,Bull Mallee,Myrtaceae,native,native,eucalyptus behriana,Not Assessed / No exact match,0.0,,94.0,2026-07-29T14:51:52
Eucalyptus bosistoana,Coast Grey-box | Gippsland Grey-box,Myrtaceae,native,native,eucalyptus bosistoana,Not Assessed / No exact match,0.0,,16.0,2026-01-01T12:44
Eucalyptus botryoides,Southern Mahogany,Myrtaceae,native,native,eucalyptus botryoides,Moderately High Risk,2.0,2023,52.0,2026-07-30T11:56:07
Eucalyptus bridgesiana,But But | Apple Box,Myrtaceae,native,native,eucalyptus bridgesiana,Not Assessed / No exact match,0.0,,11.0,2026-05-08T13:40:58
Eucalyptus camaldulensis,River Red-gum,Myrtaceae,native,native,eucalyptus camaldulensis,Not Assessed / No exact match,6.0,2023,890.0,2026-08-06T09:13:59
Eucalyptus camaldulensis subsp. camaldulensis,,Myrtaceae,native,native,eucalyptus camaldulensis subsp camaldulensis,Not Assessed / No exact match,6.0,2023,890.0,2026-08-06T09:13:59
Eucalyptus cephalocarpa,Mealy Stringybark,Myrtaceae,native,native,eucalyptus cephalocarpa,Not Assessed / No exact match,9.0,2023,326.0,2026-08-02T13:48:52
Eucalyptus cladocalyx,Sugar Gum,Myrtaceae,introduced,naturalised,eucalyptus cladocalyx,High Risk,2.0,2025,127.0,2026-06-14T14:56:55
Eucalyptus dives,Broad-leaved Peppermint,Myrtaceae,native,native,eucalyptus dives,Not Assessed / No exact match,1.0,1985,280.0,2026-08-03T11:44:44
Eucalyptus elata,River Peppermint | Wang-ngara,Myrtaceae,native,native,eucalyptus elata,Not Assessed / No exact match,0.0,,20.0,2026-06-29T15:45:33
Eucalyptus globoidea,White Stringybark,Myrtaceae,native,native,eucalyptus globoidea,Not Assessed / No exact match,1.0,2023,35.0,2026-06-05T12:50:58
Eucalyptus globulus,Southern Blue-gum,Myrtaceae,native,native,eucalyptus globulus,Not Assessed / No exact match,3.0,2023,139.0,2026-08-04T10:20:27
Eucalyptus globulus subsp. globulus,,Myrtaceae,native,native,eucalyptus globulus subsp globulus,Medium Risk,3.0,2023,139.0,2026-08-04T10:20:27
Eucalyptus goniocalyx,Bundy | Long-leaf Box,Myrtaceae,native,native,eucalyptus goniocalyx,Not Assessed / No exact match,4.0,2023,377.0,2026-07-14T12:37:34
Eucalyptus leucoxylon,Yellow Gum,Myrtaceae,native,native,eucalyptus leucoxylon,Not Assessed / No exact match,1.0,2020,369.0,2026-07-30T17:38:15
Eucalyptus leucoxylon subsp. megalocarpa,,Myrtaceae,native,native,eucalyptus leucoxylon subsp megalocarpa,High Risk,1.0,2020,369.0,2026-07-30T17:38:15
Eucalyptus longifolia,,Myrtaceae,introduced,adventive,eucalyptus longifolia,Medium Risk,0.0,,0.0,
Eucalyptus macrorhyncha,Red Stringybark,Myrtaceae,native,native,eucalyptus macrorhyncha,Not Assessed / No exact match,4.0,2023,346.0,2026-07-24T14:04:58
Eucalyptus melliodora,Yellow Box,Myrtaceae,native,native,eucalyptus melliodora,Not Assessed / No exact match,9.0,2023,337.0,2026-07-03T16:36:10
Eucalyptus molyneuxii,,Myrtaceae,native,native,eucalyptus molyneuxii,Not Assessed / No exact match,0.0,,1.0,2022-10-31T14:38
Eucalyptus obliqua,Messmate Stringybark,Myrtaceae,native,native,eucalyptus obliqua,Not Assessed / No exact match,7.0,2023,969.0,2026-08-08T14:38:25
Eucalyptus ovata,Swamp Gum,Myrtaceae,native,native,eucalyptus ovata,Not Assessed / No exact match,14.0,2023,365.0,2026-07-15T13:17:24
Eucalyptus ovata subsp. ovata,,Myrtaceae,native,native,eucalyptus ovata subsp ovata,Not Assessed / No exact match,14.0,2023,365.0,2026-07-15T13:17:24
Eucalyptus pauciflora,Snow Gum,Myrtaceae,native,native,eucalyptus pauciflora,Not Assessed / No exact match,0.0,,373.0,2026-08-08T12:40:02
Eucalyptus perriniana,Spinning Gum,Myrtaceae,native,native,eucalyptus perriniana,Not Assessed / No exact match,0.0,,10.0,2026-04-14T14:58:23
Eucalyptus phenax,,Myrtaceae,native,native,eucalyptus phenax,Not Assessed / No exact match,0.0,,2.0,2022-10-17T09:18
Eucalyptus phenax subsp. phenax,,Myrtaceae,native,native,eucalyptus phenax subsp phenax,Not Assessed / No exact match,0.0,,2.0,2022-10-17T09:18
Eucalyptus polyanthemos,Red Box,Myrtaceae,native,native,eucalyptus polyanthemos,Not Assessed / No exact match,0.0,,386.0,2026-08-06T08:48:04
Eucalyptus radiata,,Myrtaceae,native,native,eucalyptus radiata,Not Assessed / No exact match,12.0,2023,501.0,2026-08-08T12:07:20
Eucalyptus radiata subsp. radiata,Narrow-leaved Peppermint,Myrtaceae,native,native,eucalyptus radiata subsp radiata,Not Assessed / No exact match,12.0,2023,501.0,2026-08-08T12:07:20
Eucalyptus tricarpa,Ironbark,Myrtaceae,native,native,eucalyptus tricarpa,Not Assessed / No exact match,0.0,,216.0,2026-07-21T09:53:30
Eucalyptus tricarpa subsp. tricarpa,,Myrtaceae,native,native,eucalyptus tricarpa subsp tricarpa,Not Assessed / No exact match,0.0,,216.0,2026-07-21T09:53:30
Eucalyptus viminalis,Manna Gum | Ribbon Gum,Myrtaceae,native,native,eucalyptus viminalis,Not Assessed / No exact match,12.0,2025,690.0,2026-08-02T14:07:20
Eucalyptus viminalis subsp. pryoriana,,Myrtaceae,native,native,eucalyptus viminalis subsp pryoriana,Not Assessed / No exact match,12.0,2025,690.0,2026-08-02T14:07:20
Eucalyptus viminalis subsp. viminalis,,Myrtaceae,native,native,eucalyptus viminalis subsp viminalis,Not Assessed / No exact match,12.0,2025,690.0,2026-08-02T14:07:20
Eucalyptus yarraensis,Yarra Gum,Myrtaceae,native,native,eucalyptus yarraensis,Not Assessed / No exact match,28.0,2025,70.0,2026-07-01T13:25:47
Eucalyptus ×studleyensis,,Myrtaceae,native,native,eucalyptus studleyensis,Not Assessed / No exact match,0.0,,0.0,
Euchiton involucratus,Common Cudweed,Asteraceae,native,native,euchiton involucratus,Not Assessed / No exact match,0.0,,58.0,2026-07-19T12:19:52
Euchiton japonicus,,Asteraceae,native,native,euchiton japonicus,Not Assessed / No exact match,3.0,1991,150.0,2026-04-24T10:02:02
Euchiton sphaericus,Star Cudweed,Asteraceae,native,native,euchiton sphaericus,Not Assessed / No exact match,0.0,,156.0,2026-04-16T14:55
Euphorbia peplus,Petty Spurge,Euphorbiaceae,introduced,naturalised,euphorbia peplus,Moderately High Risk,4.0,2023,863.0,2026-08-01T14:27
Exocarpos cupressiformis,Cherry Ballart; Ballee | Ballot,Santalaceae,native,native,exocarpos cupressiformis,Not Assessed / No exact match,11.0,2023,3177.0,2026-08-09T17:13:21
Festuca arundinacea,Tall Fescue,Poaceae,introduced,naturalised,festuca arundinacea,High Risk,1.0,2020,0.0,
Festuca rubra,Red Fescue | Creeping Fescue,Poaceae,introduced,naturalised,festuca rubra,Moderately High Risk,0.0,,3.0,2024-01-15T18:58:13
Ficinia marginata,,Cyperaceae,native,native,ficinia marginata,Not Assessed / No exact match,0.0,,8.0,2025-10-17T09:16
Fissidens leptocladus,,Fissidentaceae,native,native,fissidens leptocladus,Not Assessed / No exact match,0.0,,3.0,2024-10-21T12:50
Fissidens taylorii,,Fissidentaceae,native,native,fissidens taylorii,Not Assessed / No exact match,0.0,,3.0,2024-09-23T11:43
Foeniculum vulgare,Fennel,Apiaceae,introduced,naturalised,foeniculum vulgare,Very High Risk,4.0,2023,279.0,2026-07-31T13:14:12
Fraxinus angustifolia,,Oleaceae,introduced,Not available,fraxinus angustifolia,Not Assessed / No exact match,81.0,2023,160.0,2026-07-26T09:58:39
Fumaria bastardii,Bastard's Fumitory,Papaveraceae,introduced,naturalised,fumaria bastardii,Medium Risk,3.0,2025,275.0,2026-08-09T16:38:33
Fumaria capreolata,White Fumitory,Papaveraceae,introduced,naturalised,fumaria capreolata,High Risk,1.0,2016,574.0,2026-08-09T12:04:56
Funaria hygrometrica,,Funariaceae,native,native,funaria hygrometrica,Not Assessed / No exact match,0.0,,110.0,2025-11-12T17:07
Gahnia radula,Thatch Saw-sedge,Cyperaceae,native,native,gahnia radula,Not Assessed / No exact match,21.0,2023,657.0,2026-08-02T13:34:33
Gahnia sieberiana,Red-fruit Saw-sedge,Cyperaceae,native,native,gahnia sieberiana,Not Assessed / No exact match,2.0,2017,447.0,2026-08-08T12:48:38
Galinsoga parviflora,Gallant Soldier | Potato Weed,Asteraceae,introduced,naturalised,galinsoga parviflora,Medium Risk,1.0,2011,21.0,2026-08-02T11:56:13
Galium aparine,Cleavers,Rubiaceae,introduced,naturalised,galium aparine,High Risk,15.0,2023,655.0,2026-08-09T16:32:46
Galium gaudichaudii,Rough Bedstraw,Rubiaceae,native,native,galium gaudichaudii,Not Assessed / No exact match,0.0,,40.0,2026-04-13T15:22:59
Galium gaudichaudii subsp. gaudichaudii,,Rubiaceae,native,native,galium gaudichaudii subsp gaudichaudii,Not Assessed / No exact match,0.0,,40.0,2026-04-13T15:22:59
Gamochaeta americana,Cudweed,Asteraceae,introduced,naturalised,gamochaeta americana,Moderately High Risk,0.0,,32.0,2026-06-12T11:01
Gamochaeta purpurea,Spike Cudweed,Asteraceae,introduced,naturalised,gamochaeta purpurea,Moderately High Risk,3.0,1991,12.0,2025-09-14T13:57
Gaudium laevigatum,,Myrtaceae,native,native,gaudium laevigatum,Not Assessed / No exact match,77.0,2018,1283.0,2026-08-08T11:38:23
Gaudium myrsinoides,,Myrtaceae,native,native,gaudium myrsinoides,Not Assessed / No exact match,0.0,,977.0,2026-08-10T15:34:26
Genista linifolia,Flax-leaf Broom,Fabaceae,introduced,naturalised,genista linifolia,Very High Risk,1.0,2020,571.0,2026-08-10T09:53:38
Genista monspessulana,Montpellier Broom,Fabaceae,introduced,naturalised,genista monspessulana,Very High Risk,3.0,2023,767.0,2026-08-05T11:10:14
Geranium dissectum,Cut-leaf Crane's-bill,Geraniaceae,introduced,naturalised,geranium dissectum,High Risk,0.0,,270.0,2026-08-01T14:02:44
Geranium molle,,Geraniaceae,introduced,naturalised,geranium molle,Medium Risk,0.0,,388.0,2026-08-02T16:37:46
Geranium retrorsum,Grassland Crane's-bill,Geraniaceae,native,native,geranium retrorsum,Not Assessed / No exact match,0.0,,104.0,2026-07-31T11:14:27
Geranium solanderi,,Geraniaceae,native,native,geranium solanderi,Not Assessed / No exact match,0.0,,95.0,2026-08-01T14:54:49
Gladiolus carneus,,Iridaceae,introduced,adventive,gladiolus carneus,Very High Risk,2.0,2020,13.0,2025-10-27T14:52:18
Gladiolus undulatus,Wild Gladiolus,Iridaceae,introduced,naturalised,gladiolus undulatus,Very High Risk,1.0,1986,170.0,2026-07-01T13:58:08
Gleichenia dicarpa,Pouched Coral-fern | Wiry Coral Fern,Gleicheniaceae,native,native,gleichenia dicarpa,Not Assessed / No exact match,0.0,,282.0,2026-07-18T12:42:12
Gleichenia microphylla,Scrambling Coral-fern,Gleicheniaceae,native,native,gleichenia microphylla,Not Assessed / No exact match,0.0,,469.0,2026-08-08T17:42
Glossodia major,Wax-lip Orchid,Orchidaceae,native,native,glossodia major,Not Assessed / No exact match,1.0,2020,5436.0,2026-08-10T14:51:11
Glyceria australis,Australian Sweet-grass,Poaceae,native,native,glyceria australis,Not Assessed / No exact match,1.0,1987,25.0,2026-05-12T10:26:15
Glyceria declinata,Manna grass,Poaceae,introduced,naturalised,glyceria declinata,Very High Risk,0.0,,2.0,2025-11-06T12:55
Glycine clandestina,Twining Glycine,Fabaceae,native,native,glycine clandestina,Not Assessed / No exact match,0.0,,1087.0,2026-08-06T14:40:01
Gompholobium huegelii,Common Wedge-pea | Karaite,Fabaceae,native,native,gompholobium huegelii,Not Assessed / No exact match,0.0,,683.0,2026-07-09T13:21:50
Gonocarpus micranthus,,Haloragaceae,native,native,gonocarpus micranthus,Not Assessed / No exact match,1.0,2023,273.0,2026-08-02T10:50:15
Gonocarpus micranthus subsp. micranthus,Creeping Raspwort,Haloragaceae,native,native,gonocarpus micranthus subsp micranthus,Not Assessed / No exact match,1.0,2023,273.0,2026-08-02T10:50:15
Gonocarpus micranthus subsp. ramosissimus,,Haloragaceae,native,native,gonocarpus micranthus subsp ramosissimus,Not Assessed / No exact match,1.0,2023,273.0,2026-08-02T10:50:15
Gonocarpus tetragynus,Common Raspwort,Haloragaceae,native,native,gonocarpus tetragynus,Not Assessed / No exact match,13.0,2023,830.0,2026-08-03T12:18:36
Goodenia elongata,Lanky Goodenia,Goodeniaceae,native,native,goodenia elongata,Not Assessed / No exact match,0.0,,41.0,2026-05-11T12:11:18
Goodenia geniculata,Bent Goodenia,Goodeniaceae,native,native,goodenia geniculata,Not Assessed / No exact match,0.0,,421.0,2026-07-18T10:44:56
Goodenia humilis,Swamp Goodenia,Goodeniaceae,native,native,goodenia humilis,Not Assessed / No exact match,0.0,,398.0,2026-06-13T10:39
Goodenia ovata,Hop Goodenia,Goodeniaceae,native,native,goodenia ovata,Not Assessed / No exact match,18.0,2023,4854.0,2026-08-09T16:49:15
Goodenia radicans,Shiny Swamp-mat,Goodeniaceae,native,native,goodenia radicans,Not Assessed / No exact match,0.0,,284.0,2026-08-06T11:47
Goodia lotifolia,Golden-tip,Fabaceae,native,native,goodia lotifolia,Not Assessed / No exact match,2.0,2023,524.0,2026-07-22T13:04
Gratiola peruviana,Austral Brooklime,Plantaginaceae,native,native,gratiola peruviana,Not Assessed / No exact match,0.0,,463.0,2026-06-26T15:34
Grevillea ilicifolia,Holly Grevillea | Holly-leaf Grevillea,Proteaceae,native,native,grevillea ilicifolia,Not Assessed / No exact match,0.0,,60.0,2025-11-05T16:34
Grevillea ilicifolia subsp. ilicifolia,,Proteaceae,native,native,grevillea ilicifolia subsp ilicifolia,Not Assessed / No exact match,0.0,,60.0,2025-11-05T16:34
Grevillea robusta,Silky Oak,Proteaceae,introduced,adventive,grevillea robusta,Moderately High Risk,37.0,2023,200.0,2026-08-10T17:39:16
Grevillea rosmarinifolia,Rosemary Grevillea,Proteaceae,native,native,grevillea rosmarinifolia,Not Assessed / No exact match,1.0,1986,579.0,2026-08-10T17:40:03
Grevillea rosmarinifolia subsp. rosmarinifolia,,Proteaceae,native,native,grevillea rosmarinifolia subsp rosmarinifolia,Moderately High Risk,1.0,1986,579.0,2026-08-10T17:40:03
Gynatrix pulchella,Hemp Bush,Malvaceae,native,native,gynatrix pulchella,Not Assessed / No exact match,2.0,2023,472.0,2026-08-10T11:19:32
Hakea decurrens,Bushy Needlewood,Proteaceae,native,native,hakea decurrens,Not Assessed / No exact match,1.0,2023,1509.0,2026-08-08T13:17
Hakea drupacea,Sweet-scented Hakea,Proteaceae,introduced,naturalised,hakea drupacea,High Risk,0.0,,181.0,2026-07-01T14:22:18
Hakea eriantha,Tree Hakea,Proteaceae,native,native,hakea eriantha,Not Assessed / No exact match,0.0,,3.0,2025-06-21T14:48:54
Hakea nodosa,Yellow Hakea,Proteaceae,native,native,hakea nodosa,Not Assessed / No exact match,3.0,2023,313.0,2026-07-08T12:58:13
Hakea salicifolia,,Proteaceae,introduced,Not available,hakea salicifolia,Not Assessed / No exact match,2.0,2023,247.0,2026-08-07T11:21:58
Hakea salicifolia subsp. salicifolia,Willow-leaved Hakea,Proteaceae,introduced,naturalised,hakea salicifolia subsp salicifolia,Very High Risk,2.0,2023,247.0,2026-08-07T11:21:58
Hakea sericea,Silky Hakea,Proteaceae,introduced,naturalised,hakea sericea,Moderately High Risk,3.0,2023,13.0,2026-07-13T11:22:46
Hakea ulicina,Furze Hakea,Proteaceae,native,native,hakea ulicina,Not Assessed / No exact match,3.0,2023,434.0,2026-08-09T13:45:36
Hardenbergia violacea,Purple Coral-pea,Fabaceae,native,native,hardenbergia violacea,Lower Risk,3.0,2023,3295.0,2026-08-10T17:17:44
Hedera helix,English Ivy,Araliaceae,introduced,naturalised,hedera helix,Very High Risk,8.0,2023,7.0,2026-08-07T14:27:26
Helianthus annuus,Common Sunflower,Asteraceae,introduced,naturalised,helianthus annuus,Lower Risk,0.0,,14.0,2025-03-01T14:50:25
Helminthotheca echioides,Ox-tongue,Asteraceae,introduced,naturalised,helminthotheca echioides,High Risk,9.0,2025,913.0,2026-08-06T13:58:30
Hemarthria uncinata,,Poaceae,native,native,hemarthria uncinata,Not Assessed / No exact match,0.0,,106.0,2026-04-14T14:29:46
Hemarthria uncinata var. uncinata,Mat Grass,Poaceae,native,native,hemarthria uncinata subsp uncinata,Not Assessed / No exact match,0.0,,106.0,2026-04-14T14:29:46
Hennediella stanfordensis,,Pottiaceae,native,native,hennediella stanfordensis,Not Assessed / No exact match,0.0,,0.0,
Hibbertia acicularis,Prickly Guinea-flower,Dilleniaceae,native,native,hibbertia acicularis,Not Assessed / No exact match,0.0,,111.0,2026-01-14T08:34
Hibbertia fasciculata,,Dilleniaceae,native,native,hibbertia fasciculata,Not Assessed / No exact match,0.0,,504.0,2026-08-07T12:06
Hibbertia fasciculata var. prostrata,,Dilleniaceae,native,native,hibbertia fasciculata subsp prostrata,Not Assessed / No exact match,0.0,,504.0,2026-08-07T12:06
Hibbertia riparia,,Dilleniaceae,native,native,hibbertia riparia,Not Assessed / No exact match,2.0,1986,143.0,2026-08-04T10:22:28
Holcus lanatus,Yorkshire Fog,Poaceae,introduced,naturalised,holcus lanatus,High Risk,23.0,2023,1867.0,2026-08-09T11:20:52
Hordeum hystrix,Mediterranean Barley Grass,Poaceae,introduced,naturalised,hordeum hystrix,High Risk,1.0,2020,0.0,
Hovea heterophylla,,Fabaceae,native,native,hovea heterophylla,Not Assessed / No exact match,0.0,,1953.0,2026-08-10T15:31:42
Hydrocotyle hirta,Hairy Pennywort,Araliaceae,native,native,hydrocotyle hirta,Not Assessed / No exact match,0.0,,466.0,2026-08-08T14:49:25
Hydrocotyle laxiflora,Stinking Pennywort,Araliaceae,native,native,hydrocotyle laxiflora,Not Assessed / No exact match,1.0,2023,720.0,2026-08-06T16:26:05
Hydrocotyle sibthorpioides,,Araliaceae,native,native,hydrocotyle sibthorpioides,Not Assessed / No exact match,0.0,,24.0,2026-07-09T13:07:40
Hypericum gramineum,Small St John's Wort,Hypericaceae,native,native,hypericum gramineum,Not Assessed / No exact match,9.0,2023,1222.0,2026-06-26T12:17:12
Hypericum perforatum,St Johns Wort,Hypericaceae,introduced,Not available,hypericum perforatum,Not Assessed / No exact match,0.0,,528.0,2026-07-04T12:17:08
Hypericum perforatum subsp. veronense,,Hypericaceae,introduced,naturalised,hypericum perforatum subsp veronense,High Risk,0.0,,528.0,2026-07-04T12:17:08
Hypnum cupressiforme,,Hypnaceae,native,native,hypnum cupressiforme,Not Assessed / No exact match,1.0,1991,820.0,2026-08-05T16:30:38
Hypochaeris glabra,Smooth Cat's-ear,Asteraceae,introduced,naturalised,hypochaeris glabra,Moderately High Risk,2.0,2023,275.0,2026-07-17T13:23:47
Hypochaeris radicata,Cat's-ear | Flat-weed,Asteraceae,introduced,naturalised,hypochaeris radicata,Moderately High Risk,32.0,2025,1108.0,2026-07-29T10:03:41
Hypolaena fastigiata,Tassel Rope-rush,Restionaceae,native,native,hypolaena fastigiata,Not Assessed / No exact match,0.0,,446.0,2026-08-09T08:53:55
Hypolepis rugosula,Ruddy Ground-fern,Dennstaedtiaceae,native,native,hypolepis rugosula,Not Assessed / No exact match,0.0,,7.0,2024-11-21T19:46:15
Hypoxis hygrometrica,Golden Weather-grass,Hypoxidaceae,native,native,hypoxis hygrometrica,Not Assessed / No exact match,1.0,1991,167.0,2026-04-30T16:56
Imperata cylindrica,Blady Grass | Kunai in Papua New Guinea,Poaceae,native,native,imperata cylindrica,Not Assessed / No exact match,0.0,,110.0,2026-08-04T12:03:17
Indigofera australis,Austral Indigo,Fabaceae,native,native,indigofera australis,Not Assessed / No exact match,3.0,2023,1535.0,2026-08-09T16:53:26
Indigofera australis subsp. australis,,Fabaceae,native,native,indigofera australis subsp australis,Not Assessed / No exact match,3.0,2023,1535.0,2026-08-09T16:53:26
Ipomoea indica,Blue Morning Glory,Convolvulaceae,introduced,naturalised,ipomoea indica,High Risk,0.0,,170.0,2026-07-17T11:42:03
Isolepis cernua,Nodding Club-rush,Cyperaceae,native,native,isolepis cernua,Not Assessed / No exact match,1.0,2005,22.0,2025-10-27T09:16:09
Isolepis fluitans,Floating Club-rush,Cyperaceae,native,native,isolepis fluitans,Not Assessed / No exact match,0.0,,0.0,
Isolepis hookeriana,,Cyperaceae,native,native,isolepis hookeriana,Not Assessed / No exact match,0.0,,1.0,2022-12-15T11:50
Isolepis inundata,,Cyperaceae,native,native,isolepis inundata,Not Assessed / No exact match,2.0,2005,16.0,2025-11-19T10:56:08
Isolepis levynsiana,,Cyperaceae,introduced,naturalised,isolepis levynsiana,Medium Risk,1.0,1991,57.0,2026-01-02T16:50:35
Isolepis platycarpa,,Cyperaceae,native,native,isolepis platycarpa,Not Assessed / No exact match,0.0,,0.0,
Isolepis prolifera,,Cyperaceae,introduced,naturalised,isolepis prolifera,Lower Risk,0.0,,0.0,
Isolepis stellata,Star Club-rush,Cyperaceae,native,native,isolepis stellata,Not Assessed / No exact match,0.0,,0.0,
Isopogon ceratophyllus,Horny Cone-bush,Proteaceae,native,native,isopogon ceratophyllus,Not Assessed / No exact match,0.0,,1248.0,2026-08-08T15:27:51
Isotoma fluviatilis,,Campanulaceae,native,native,isotoma fluviatilis,Not Assessed / No exact match,0.0,,319.0,2026-05-10T15:22:54
Isotoma fluviatilis subsp. australis,Swamp Isotome,Campanulaceae,native,native,isotoma fluviatilis subsp australis,Not Assessed / No exact match,0.0,,319.0,2026-05-10T15:22:54
Juncus amabilis,,Juncaceae,native,native,juncus amabilis,Not Assessed / No exact match,2.0,1994,2.0,2024-02-16T12:49:56
Juncus articulatus,,Juncaceae,introduced,Not available,juncus articulatus,Not Assessed / No exact match,4.0,2005,20.0,2026-02-25T11:40:28
Juncus articulatus subsp. articulatus,Jointed Rush,Juncaceae,introduced,naturalised,juncus articulatus subsp articulatus,High Risk,4.0,2005,20.0,2026-02-25T11:40:28
Juncus australis,Austral        Rush,Juncaceae,native,native,juncus australis,Not Assessed / No exact match,0.0,,9.0,2026-04-22T10:20:59
Juncus bufonius,Toad Rush,Juncaceae,uncertain,Not available,juncus bufonius,Lower Risk,2.0,2005,49.0,2025-12-05T12:00:50
Juncus caespiticius,Grassy Rush | Tufted Rush,Juncaceae,native,native,juncus caespiticius,Not Assessed / No exact match,0.0,,0.0,
Juncus capitatus,,Juncaceae,introduced,naturalised,juncus capitatus,Moderately High Risk,1.0,1991,29.0,2025-12-26T15:26:33
Juncus gregiflorus,,Juncaceae,native,native,juncus gregiflorus,Not Assessed / No exact match,2.0,1994,22.0,2026-03-23T12:55
Juncus holoschoenus,,Juncaceae,native,native,juncus holoschoenus,Not Assessed / No exact match,2.0,1994,14.0,2025-12-06T12:18
Juncus pallescens,,Juncaceae,introduced,naturalised,juncus pallescens,High Risk,0.0,,11.0,2024-02-16T09:50:43
Juncus pallidus,,Juncaceae,native,native,juncus pallidus,Not Assessed / No exact match,7.0,2023,249.0,2026-07-19T10:13
Juncus pauciflorus,Loose-flower Rush,Juncaceae,native,native,juncus pauciflorus,Not Assessed / No exact match,3.0,2005,41.0,2025-12-28T08:51
Juncus planifolius,Broad-leaf Rush,Juncaceae,native,native,juncus planifolius,Not Assessed / No exact match,0.0,,103.0,2026-06-29T15:15
Juncus procerus,,Juncaceae,native,native,juncus procerus,Not Assessed / No exact match,1.0,2023,23.0,2026-02-25T12:06:41
Juncus sarophorus,Broom Rush,Juncaceae,native,native,juncus sarophorus,Not Assessed / No exact match,2.0,2017,7.0,2024-07-08T11:57:20
Juncus subsecundus,Finger Rush,Juncaceae,native,native,juncus subsecundus,Not Assessed / No exact match,1.0,2016,37.0,2026-07-07T10:37:31
Juncus usitatus,Common Rush,Juncaceae,native,native,juncus usitatus,Not Assessed / No exact match,1.0,2023,24.0,2026-07-18T11:36:41
Kennedia prostrata,Running Postman,Fabaceae,native,native,kennedia prostrata,Not Assessed / No exact match,2.0,2005,2158.0,2026-08-10T10:44:37
Kindbergia praelonga,,Brachytheciaceae,introduced,naturalised,kindbergia praelonga,Not Assessed / No exact match,0.0,,71.0,2025-10-23T13:30
Lachnagrostis filiformis,,Poaceae,native,native,lachnagrostis filiformis,Not Assessed / No exact match,5.0,2023,208.0,2026-07-13T12:59:33
Lactuca serriola,Prickly Lettuce,Asteraceae,introduced,Not available,lactuca serriola,Not Assessed / No exact match,3.0,2023,472.0,2026-08-03T10:30:41
Lagenophora stipitata,Blue Bottle-daisy,Asteraceae,native,native,lagenophora stipitata,Not Assessed / No exact match,0.0,,917.0,2026-08-09T11:58:46
Lagenophora sublyrata,Slender Bottle-daisy,Asteraceae,native,native,lagenophora sublyrata,Not Assessed / No exact match,1.0,1987,414.0,2026-08-04T14:19:24
Laphangium luteoalbum,Jersey Cudweed,Asteraceae,native,native,laphangium luteoalbum,Not Assessed / No exact match,4.0,2023,0.0,
Lapsana communis,,Asteraceae,introduced,Not available,lapsana communis,Not Assessed / No exact match,1.0,2023,176.0,2026-07-11T11:27
Lapsana communis subsp. communis,Nipplewort,Asteraceae,introduced,naturalised,lapsana communis subsp communis,Lower Risk,1.0,2023,176.0,2026-07-11T11:27
Lemna disperma,Common Duckweed,Araceae,native,native,lemna disperma,Not Assessed / No exact match,0.0,,5.0,2025-04-18T14:47:52
Leontodon saxatilis,Lesser Hawkbit | Hairy Hawkbit,Asteraceae,introduced,Not available,leontodon saxatilis,Not Assessed / No exact match,1.0,1987,254.0,2026-07-02T09:51:12
Leontodon saxatilis subsp. saxatilis,Lesser Hawkbit | Hairy Hawkbit,Asteraceae,introduced,naturalised,leontodon saxatilis subsp saxatilis,Not Assessed / No exact match,1.0,1987,254.0,2026-07-02T09:51:12
Lepidium africanum,Common Peppercress | Rubble Peppercress,Brassicaceae,introduced,naturalised,lepidium africanum,Moderately High Risk,1.0,2020,71.0,2026-07-21T15:59:42
Lepidium didymum,Lesser Swine's Cress,Brassicaceae,introduced,naturalised,lepidium didymum,High Risk,0.0,,54.0,2026-05-06T13:44:40
Lepidosperma elatius,Tall Sword-sedge,Cyperaceae,native,native,lepidosperma elatius,Not Assessed / No exact match,0.0,,536.0,2026-05-13T09:58
Lepidosperma filiforme,Common Rapier-sedge,Cyperaceae,native,native,lepidosperma filiforme,Not Assessed / No exact match,0.0,,5.0,2025-10-15T12:22:19
Lepidosperma gladiatum,Coast Sword-sedge,Cyperaceae,native,native,lepidosperma gladiatum,Not Assessed / No exact match,0.0,,329.0,2026-07-05T12:24:46
Lepidosperma gunnii,Little Sword-sedge,Cyperaceae,native,native,lepidosperma gunnii,Not Assessed / No exact match,3.0,2023,1.0,2024-06-06T12:43:33
Lepidosperma laterale,Variable Sword-sedge,Cyperaceae,native,native,lepidosperma laterale,Not Assessed / No exact match,9.0,1986,133.0,2026-06-16T15:13
Lepidosperma longitudinale,Pithy Sword-sedge,Cyperaceae,native,native,lepidosperma longitudinale,Not Assessed / No exact match,0.0,,3.0,2026-05-13T15:47
Lepidosperma sieberi,Sandhill Sword-sedge,Cyperaceae,native,native,lepidosperma sieberi,Not Assessed / No exact match,0.0,,21.0,2026-06-12T12:58:54
Leptinella reptans,,Asteraceae,native,native,leptinella reptans,Not Assessed / No exact match,0.0,,10.0,2025-10-12T12:03:01
Leptobryum pyriforme,,Meesiaceae,uncertain,Not available,leptobryum pyriforme,Not Assessed / No exact match,0.0,,1.0,2024-04-13T09:09
Leptocarpus tenax,Slender Twine-rush,Restionaceae,native,native,leptocarpus tenax,Not Assessed / No exact match,0.0,,21.0,2026-04-02T18:11:32
Leptoceras menziesii,,Orchidaceae,native,native,leptoceras menziesii,Not Assessed / No exact match,0.0,,358.0,2026-08-10T16:03:26
Leptodictyum riparium,,Amblystegiaceae,native,native,leptodictyum riparium,Not Assessed / No exact match,0.0,,1.0,2024-05-12T11:57
Leptorhynchos squamatus,Scaly Buttons,Asteraceae,native,native,leptorhynchos squamatus,Not Assessed / No exact match,1.0,1991,517.0,2026-08-01T14:03:30
Leptorhynchos tenuifolius,Wiry Buttons,Asteraceae,native,native,leptorhynchos tenuifolius,Not Assessed / No exact match,1.0,1985,655.0,2026-07-19T13:36:50
Leptospermum continentale,Prickly Teatree,Myrtaceae,native,native,leptospermum continentale,Not Assessed / No exact match,16.0,2023,1207.0,2026-08-02T15:19
Leptospermum lanigerum,Woolly Teatree,Myrtaceae,native,native,leptospermum lanigerum,Not Assessed / No exact match,3.0,2005,289.0,2026-07-29T13:56:36
Leptospermum scoparium,Manuka | Broom Teatree,Myrtaceae,native,native,leptospermum scoparium,Not Assessed / No exact match,0.0,,212.0,2026-08-02T17:09
Lepyrodia muelleri,Common Scale-rush | Erect Scale-rush,Restionaceae,native,native,lepyrodia muelleri,Not Assessed / No exact match,0.0,,15.0,2026-05-20T13:34
Leucophyta brownii,Cushion Bush,Asteraceae,native,native,leucophyta brownii,Not Assessed / No exact match,0.0,,858.0,2026-08-02T17:35:05
Leucopogon parviflorus,Coast Beard-heath,Ericaceae,native,native,leucopogon parviflorus,Not Assessed / No exact match,0.0,,1392.0,2026-08-08T16:23:06
Leucopogon virgatus,Common Beard-heath,Ericaceae,native,native,leucopogon virgatus,Not Assessed / No exact match,0.0,,1942.0,2026-08-10T10:39:30
Leucopogon virgatus var. virgatus,,Ericaceae,native,native,leucopogon virgatus subsp virgatus,Not Assessed / No exact match,0.0,,1942.0,2026-08-10T10:39:30
Levenhookia dubia,Hairy Stylewort,Stylidiaceae,native,native,levenhookia dubia,Not Assessed / No exact match,0.0,,143.0,2025-11-04T13:22
Lewinskya tasmanica,,Orthotrichaceae,native,native,lewinskya tasmanica,Not Assessed / No exact match,0.0,,27.0,2025-11-28T12:32
Lewinskya tasmanica var. tasmanica,,Orthotrichaceae,native,native,lewinskya tasmanica subsp tasmanica,Not Assessed / No exact match,0.0,,27.0,2025-11-28T12:32
Ligustrum lucidum,Large-leaved Privet,Oleaceae,introduced,naturalised,ligustrum lucidum,Very High Risk,15.0,2022,234.0,2026-08-08T15:43
Ligustrum ovalifolium,Japanese Privet | Hedge Privet | California Privet,Oleaceae,introduced,adventive,ligustrum ovalifolium,High Risk,0.0,,30.0,2025-06-23T14:02:01
Lindsaea linearis,Screw Fern,Lindsaeaceae,native,native,lindsaea linearis,Not Assessed / No exact match,1.0,1986,1041.0,2026-08-09T10:25:54
Linum trigynum,French Flax,Linaceae,introduced,naturalised,linum trigynum,Medium Risk,0.0,,142.0,2026-06-03T14:08
Lobelia anceps,Angled Lobelia,Campanulaceae,native,native,lobelia anceps,Not Assessed / No exact match,0.0,,1052.0,2026-07-24T09:05:44
Lobelia concolor,Poison Pratia,Campanulaceae,native,native,lobelia concolor,Not Assessed / No exact match,0.0,,59.0,2026-07-30T14:19:01
Lobelia gibbosa,Tall Lobelia,Campanulaceae,native,native,lobelia gibbosa,Not Assessed / No exact match,0.0,,230.0,2026-03-12T11:40:38
Lobelia pedunculata,Matted Pratia,Campanulaceae,native,native,lobelia pedunculata,Not Assessed / No exact match,0.0,,349.0,2026-07-06T15:08:07
Lobelia pratioides,Poison Lobelia,Campanulaceae,native,native,lobelia pratioides,Not Assessed / No exact match,0.0,,418.0,2026-07-27T13:53:25
Lobelia simplicicaulis,,Campanulaceae,native,native,lobelia simplicicaulis,Not Assessed / No exact match,0.0,,58.0,2026-04-03T16:07:38
Lobularia maritima,Sweet Alyssum | Sweet Alice,Brassicaceae,introduced,naturalised,lobularia maritima,Medium Risk,1.0,2018,71.0,2026-07-21T16:03
Lolium perenne,Perennial Ryegrass,Poaceae,introduced,naturalised,lolium perenne,Medium Risk,24.0,2023,76.0,2026-04-15T09:40:33
Lolium rigidum,Wimmera Rye-grass,Poaceae,introduced,naturalised,lolium rigidum,Medium Risk,1.0,2005,86.0,2026-07-30T10:20:36
Lomandra filiformis,,Asparagaceae,native,native,lomandra filiformis,Not Assessed / No exact match,18.0,2023,1275.0,2026-08-05T16:02:20
Lomandra filiformis subsp. coriacea,Wattle Mat-rush,Asparagaceae,native,native,lomandra filiformis subsp coriacea,Not Assessed / No exact match,18.0,2023,1275.0,2026-08-05T16:02:20
Lomandra filiformis subsp. filiformis,,Asparagaceae,native,native,lomandra filiformis subsp filiformis,Not Assessed / No exact match,18.0,2023,1275.0,2026-08-05T16:02:20
Lomandra longifolia,Spiny-headed Mat-rush | Karawun,Asparagaceae,native,native,lomandra longifolia,Not Assessed / No exact match,23.0,2023,2503.0,2026-08-10T17:35:03
Lomandra longifolia subsp. longifolia,,Asparagaceae,native,native,lomandra longifolia subsp longifolia,Not Assessed / No exact match,23.0,2023,2503.0,2026-08-10T17:35:03
Lomandra multiflora,,Asparagaceae,native,native,lomandra multiflora,Not Assessed / No exact match,0.0,,416.0,2026-08-07T09:36:54
Lomandra multiflora subsp. multiflora,Many-flowered Mat-rush,Asparagaceae,native,native,lomandra multiflora subsp multiflora,Not Assessed / No exact match,0.0,,416.0,2026-08-07T09:36:54
Lonicera japonica,Japanese Honeysuckle,Caprifoliaceae,introduced,naturalised,lonicera japonica,Very High Risk,18.0,2022,284.0,2026-08-08T12:14:49
Lotus angustissimus,Slender Bird's-foot Trefoil,Fabaceae,introduced,naturalised,lotus angustissimus,Moderately High Risk,3.0,2005,5.0,2026-01-18T14:05:42
Lotus subbiflorus,,Fabaceae,introduced,naturalised,lotus subbiflorus,High Risk,1.0,1994,128.0,2026-03-14T17:39
Lotus uliginosus,Greater Bird's-foot Trefoil,Fabaceae,introduced,naturalised,lotus uliginosus,High Risk,1.0,1994,0.0,
Luzula meridionalis,,Juncaceae,native,native,luzula meridionalis,Not Assessed / No exact match,1.0,1987,269.0,2026-07-23T11:35:54
Luzula meridionalis var. densiflora,,Juncaceae,native,native,luzula meridionalis subsp densiflora,Not Assessed / No exact match,1.0,1987,269.0,2026-07-23T11:35:54
Lycopodiella lateralis,Slender Club-moss,Lycopodiaceae,native,native,lycopodiella lateralis,Not Assessed / No exact match,0.0,,0.0,
Lyperanthus suaveolens,Brown-beaks,Orchidaceae,native,native,lyperanthus suaveolens,Not Assessed / No exact match,0.0,,399.0,2025-12-07T13:16:50
Lysimachia arvensis,Pimpernel,Primulaceae,introduced,naturalised,lysimachia arvensis,Moderately High Risk,7.0,2023,1655.0,2026-08-01T16:26
Lysimachia minima,Kause Chaffweed,Primulaceae,introduced,naturalised,lysimachia minima,Moderately High Risk,0.0,,0.0,
Lythrum hyssopifolia,Lesser Loosestrife | Small Loosestrife,Lythraceae,uncertain,Not available,lythrum hyssopifolia,Lower Risk,1.0,2023,494.0,2026-08-05T11:54:26
Lythrum junceum,Mediterranean Loosestrife,Lythraceae,introduced,naturalised,lythrum junceum,Medium Risk,1.0,1994,76.0,2026-04-04T15:56:14
Lythrum salicaria,Purple Loosestrife,Lythraceae,uncertain,Not available,lythrum salicaria,Lower Risk,1.0,1987,379.0,2026-04-27T17:03:13
Machaerina acuta,,Cyperaceae,native,native,machaerina acuta,Not Assessed / No exact match,0.0,,2.0,2023-08-27T12:27
Machaerina articulata,,Cyperaceae,native,native,machaerina articulata,Not Assessed / No exact match,0.0,,35.0,2026-05-05T11:39:10
Machaerina juncea,,Cyperaceae,native,native,machaerina juncea,Not Assessed / No exact match,0.0,,36.0,2026-05-21T14:12:37
Machaerina rubiginosa,,Cyperaceae,native,native,machaerina rubiginosa,Not Assessed / No exact match,0.0,,3.0,2024-04-04T17:45
Malva nicaeensis,Mallow of Nice,Malvaceae,introduced,naturalised,malva nicaeensis,High Risk,0.0,,29.0,2026-06-15T15:18:37
Malva parviflora,Small-flowered Mallow,Malvaceae,introduced,naturalised,malva parviflora,High Risk,1.0,2025,174.0,2026-07-01T15:16:36
Marrubium vulgare,Horehound,Lamiaceae,introduced,naturalised,marrubium vulgare,High Risk,1.0,1997,373.0,2026-08-09T09:48:44
Marsilea mutica,Smooth Nardoo,Marsileaceae,uncertain,Not available,marsilea mutica,Not Assessed / No exact match,0.0,,14.0,2026-01-05T16:36:44
Matthiola incana,Stock | Gilliflower,Brassicaceae,introduced,naturalised,matthiola incana,Medium Risk,0.0,,1.0,2021-11-17T16:10:42
Medicago arabica,Spotted Medic,Fabaceae,introduced,naturalised,medicago arabica,High Risk,2.0,2020,263.0,2026-07-27T08:37:43
Medicago polymorpha,Burr Medic,Fabaceae,introduced,naturalised,medicago polymorpha,Moderately High Risk,2.0,2016,257.0,2026-05-13T13:41:30
Melaleuca armillaris,,Myrtaceae,native,native,melaleuca armillaris,Not Assessed / No exact match,1.0,2020,213.0,2026-08-03T14:41:22
Melaleuca armillaris subsp. armillaris,Giant Honey-myrtle,Myrtaceae,native,native,melaleuca armillaris subsp armillaris,Moderately High Risk,1.0,2020,213.0,2026-08-03T14:41:22
Melaleuca ericifolia,Swamp Paperbark,Myrtaceae,native,native,melaleuca ericifolia,Not Assessed / No exact match,13.0,2023,508.0,2026-07-23T12:23:40
Melaleuca lanceolata,,Myrtaceae,native,native,melaleuca lanceolata,Not Assessed / No exact match,1.0,2020,431.0,2026-07-23T12:46:37
Melaleuca squarrosa,Scented Paperbark,Myrtaceae,native,native,melaleuca squarrosa,Not Assessed / No exact match,1.0,2023,644.0,2026-08-02T17:09
Melia azedarach,White Cedar,Meliaceae,introduced,naturalised,melia azedarach,Medium Risk,76.0,2018,88.0,2026-07-21T14:08
Melicytus dentatus,,Violaceae,native,native,melicytus dentatus,Not Assessed / No exact match,11.0,2023,1396.0,2026-08-10T11:17:45
Mentha australis,River Mint,Lamiaceae,native,native,mentha australis,Not Assessed / No exact match,3.0,2023,96.0,2026-07-03T14:04
Mentha pulegium,Pennyroyal,Lamiaceae,introduced,naturalised,mentha pulegium,High Risk,0.0,,181.0,2026-05-28T11:54
Mentha ×rotundifolia,Apple Mint,Lamiaceae,introduced,naturalised,mentha rotundifolia,Not Assessed / No exact match,0.0,,0.0,
Microlaena stipoides,,Poaceae,native,native,microlaena stipoides,Not Assessed / No exact match,12.0,2023,752.0,2026-08-07T11:18:24
Microlaena stipoides var. stipoides,Weeping grass,Poaceae,native,native,microlaena stipoides subsp stipoides,Not Assessed / No exact match,12.0,2023,752.0,2026-08-07T11:18:24
Microseris scapigera,,Asteraceae,native,native,microseris scapigera,Not Assessed / No exact match,0.0,,35.0,2026-01-04
Microtis atrata,Yellow Onion-orchid | Swamp Onion-orchid,Orchidaceae,native,native,microtis atrata,Not Assessed / No exact match,0.0,,8.0,2025-11-15T10:55:27
Microtis parviflora,Slender Onion-orchid,Orchidaceae,native,native,microtis parviflora,Not Assessed / No exact match,1.0,1986,139.0,2026-02-05T10:16:07
Microtis unifolia,Common Onion-orchid,Orchidaceae,native,native,microtis unifolia,Not Assessed / No exact match,1.0,1991,150.0,2026-04-15T07:44:01
Mirabilis jalapa,Marvel of Peru,Nyctaginaceae,introduced,adventive,mirabilis jalapa,Lower Risk,0.0,,30.0,2026-04-23T09:07:50
Modiola caroliniana,Red-flowered Mallow,Malvaceae,introduced,naturalised,modiola caroliniana,Medium Risk,5.0,2023,744.0,2026-08-09T17:28:11
Moenchia erecta,Erect Chickweed | Upright Chickweed,Caryophyllaceae,introduced,naturalised,moenchia erecta,Moderately High Risk,1.0,2020,76.0,2025-10-14T18:28:14
Monotoca scoparia,Prickly Broom-heath,Ericaceae,native,native,monotoca scoparia,Not Assessed / No exact match,0.0,,361.0,2026-07-09T16:02:59
Montia australasica,,Montiaceae,native,native,montia australasica,Not Assessed / No exact match,0.0,,261.0,2026-04-28T11:29:18
Muellerina celastroides,Coast Mistletoe,Loranthaceae,native,native,muellerina celastroides,Not Assessed / No exact match,0.0,,19.0,2026-07-21T12:19:53
Muellerina eucalyptoides,Creeping Mistletoe,Loranthaceae,native,native,muellerina eucalyptoides,Not Assessed / No exact match,3.0,1987,583.0,2026-08-04T09:45:33
Myosotis sylvatica,Wood Forget-me-not,Boraginaceae,introduced,naturalised,myosotis sylvatica,Very High Risk,0.0,,391.0,2026-07-13T14:56
Myriophyllum crispatum,Water-milfoil,Haloragaceae,native,native,myriophyllum crispatum,Not Assessed / No exact match,3.0,1994,105.0,2026-07-29T11:05:36
Myriophyllum integrifolium,Tiny Water-milfoil,Haloragaceae,native,native,myriophyllum integrifolium,Not Assessed / No exact match,0.0,,0.0,
Myrsine howittiana,,Primulaceae,native,native,myrsine howittiana,Not Assessed / No exact match,0.0,,440.0,2026-07-20T12:13:13
Nassella trichotoma,Serrated Tussock,Poaceae,introduced,naturalised,nassella trichotoma,Very High Risk,5.0,2025,177.0,2026-07-22T13:08
Nasturtium officinale,,Brassicaceae,introduced,naturalised,nasturtium officinale,Moderately High Risk,1.0,2016,81.0,2026-07-29T14:49:26
Navarretia squarrosa,Californian Stinkweed,Polemoniaceae,introduced,naturalised,navarretia squarrosa,Medium Risk,0.0,,6.0,2026-03-10T10:10
Olearia astroloba,Marble Daisy-bush,Asteraceae,native,native,olearia astroloba,Not Assessed / No exact match,0.0,,0.0,
Olearia axillaris,Coast Daisy-bush,Asteraceae,native,native,olearia axillaris,Not Assessed / No exact match,0.0,,683.0,2026-08-08T09:15:36
Olearia glandulosa,Swamp Daisy-bush,Asteraceae,native,native,olearia glandulosa,Not Assessed / No exact match,0.0,,33.0,2026-02-21T10:17
Olearia iodochroa,,Asteraceae,native,native,olearia iodochroa,Not Assessed / No exact match,0.0,,0.0,
Olearia ramulosa,Twiggy Daisy-bush,Asteraceae,native,native,olearia ramulosa,Not Assessed / No exact match,0.0,,898.0,2026-07-30T12:44:37
Oloptum miliaceum,Rice Millet,Poaceae,introduced,naturalised,oloptum miliaceum,Not Assessed / No exact match,0.0,,76.0,2026-06-10T08:23:50
Ononis repens,Restharrow,Fabaceae,introduced,adventive,ononis repens,Lower Risk,0.0,,0.0,
Opercularia ovata,Broad-leaf Stinkweed,Rubiaceae,native,native,opercularia ovata,Not Assessed / No exact match,1.0,1991,97.0,2026-04-29T11:17:07
Opercularia varia,Variable Stinkweed,Rubiaceae,native,native,opercularia varia,Not Assessed / No exact match,2.0,1985,338.0,2026-08-10T10:24:57
Ornduffia reniformis,,Menyanthaceae,native,native,ornduffia reniformis,Not Assessed / No exact match,0.0,,228.0,2026-06-26T15:35
Orthoceras strictum,Horned Orchid,Orchidaceae,native,native,orthoceras strictum,Not Assessed / No exact match,0.0,,219.0,2026-03-15T12:46:59
Oxalis corniculata,Yellow Wood-sorrel | Creeping Wood-sorrel,Oxalidaceae,introduced,Not available,oxalis corniculata,Lower Risk,7.0,2016,40.0,2026-06-19T14:28:40
Oxalis exilis,Shade Wood-sorrel,Oxalidaceae,native,native,oxalis exilis,Not Assessed / No exact match,1.0,1987,7.0,2023-11-26T14:47
Oxalis incarnata,Pale Wood-sorrel,Oxalidaceae,introduced,naturalised,oxalis incarnata,Very High Risk,2.0,2023,769.0,2026-08-08T15:34
Oxalis latifolia,Fish-tail Wood-sorrel,Oxalidaceae,introduced,naturalised,oxalis latifolia,Medium Risk,1.0,2016,46.0,2026-07-05T16:07:52
Oxalis perennans,Grassland Wood-sorrel,Oxalidaceae,native,native,oxalis perennans,Not Assessed / No exact match,2.0,1991,134.0,2026-06-27T11:56
Oxalis pes-caprae,Soursob,Oxalidaceae,introduced,naturalised,oxalis pes-caprae,Very High Risk,4.0,2025,1386.0,2026-08-10T14:28:48
Oxalis purpurea,Large-flower Wood-sorrel,Oxalidaceae,introduced,naturalised,oxalis purpurea,High Risk,0.0,,797.0,2026-08-09T10:09:17
Ozothamnus ferrugineus,Tree Everlasting,Asteraceae,native,native,ozothamnus ferrugineus,Not Assessed / No exact match,8.0,2023,635.0,2026-08-10T17:41:07
Ozothamnus obcordatus,Grey Everlasting,Asteraceae,native,native,ozothamnus obcordatus,Not Assessed / No exact match,0.0,,1567.0,2026-08-05T16:15:18
Panicum effusum,Hairy Panic,Poaceae,native,native,panicum effusum,Not Assessed / No exact match,0.0,,4.0,2024-04-11T11:00:26
Panicum miliaceum,Common Millet,Poaceae,introduced,adventive,panicum miliaceum,Lower Risk,3.0,2017,3.0,2025-03-14
Paraserianthes lophantha,,Fabaceae,introduced,Not available,paraserianthes lophantha,Not Assessed / No exact match,1.0,2023,245.0,2026-08-06T15:21:17
Paraserianthes lophantha subsp. lophantha,Cape Wattle | Crested Wattle,Fabaceae,introduced,naturalised,paraserianthes lophantha subsp lophantha,High Risk,1.0,2023,245.0,2026-08-06T15:21:17
Paronychia brasiliana,Whitlow Wort,Caryophyllaceae,introduced,naturalised,paronychia brasiliana,Medium Risk,0.0,,17.0,2026-01-17T14:30:03
Paspalum dilatatum,Paspalum,Poaceae,introduced,naturalised,paspalum dilatatum,Medium Risk,10.0,2025,985.0,2026-07-10T10:39:56
Paspalum distichum,Water Couch,Poaceae,introduced,naturalised,paspalum distichum,Very High Risk,4.0,2005,134.0,2026-05-02T14:08:33
Paspalum quadrifarium,Golden-top Grass,Poaceae,introduced,naturalised,paspalum quadrifarium,Lower Risk,0.0,,2.0,2024-05-06T09:45:06
Patersonia occidentalis,Long Purple-flag,Iridaceae,native,native,patersonia occidentalis,Not Assessed / No exact match,3.0,1985,646.0,2026-07-01T16:18:31
Patersonia occidentalis var. occidentalis,,Iridaceae,native,native,patersonia occidentalis subsp occidentalis,Not Assessed / No exact match,3.0,1985,646.0,2026-07-01T16:18:31
Pauridia glabella,,Hypoxidaceae,native,native,pauridia glabella,Not Assessed / No exact match,0.0,,57.0,2026-08-08T12:19:07
Pauridia glabella var. glabella,,Hypoxidaceae,native,native,pauridia glabella subsp glabella,Not Assessed / No exact match,0.0,,57.0,2026-08-08T12:19:07
Pauridia vaginata,,Hypoxidaceae,native,native,pauridia vaginata,Not Assessed / No exact match,1.0,1991,302.0,2026-08-07T02:38
Pauridia vaginata var. vaginata,,Hypoxidaceae,native,native,pauridia vaginata subsp vaginata,Not Assessed / No exact match,1.0,1991,302.0,2026-08-07T02:38
Pelargonium australe,Austral Stork's-bill,Geraniaceae,native,native,pelargonium australe,Not Assessed / No exact match,0.0,,881.0,2026-07-30T11:09:19
Pelargonium inodorum,Kopata,Geraniaceae,native,native,pelargonium inodorum,Not Assessed / No exact match,0.0,,38.0,2026-03-23T12:26:54
Pelargonium ×domesticum,Garden Geranium,Geraniaceae,introduced,adventive,pelargonium domesticum,Not Assessed / No exact match,0.0,,0.0,
Pentapogon quadrifidus,Five-awned Spear-grass,Poaceae,native,native,pentapogon quadrifidus,Not Assessed / No exact match,0.0,,17.0,2025-11-28T21:00
Pentapogon quadrifidus var. quadrifidus,,Poaceae,native,native,pentapogon quadrifidus subsp quadrifidus,Not Assessed / No exact match,0.0,,17.0,2025-11-28T21:00
Persicaria decipiens,Slender Knotweed,Polygonaceae,native,native,persicaria decipiens,Not Assessed / No exact match,23.0,2023,1305.0,2026-07-31T16:17:53
Persicaria hydropiper,Water Pepper,Polygonaceae,uncertain,Not available,persicaria hydropiper,Lower Risk,9.0,2005,65.0,2026-04-20T12:58
Persicaria maculosa,Redshank,Polygonaceae,introduced,naturalised,persicaria maculosa,High Risk,1.0,1987,15.0,2026-06-22T11:25:31
Persicaria odorata,Vietnamese Mint,Polygonaceae,introduced,naturalised,persicaria odorata,Lower Risk,0.0,,2.0,2025-10-05T10:38:49
Persicaria praetermissa,Spotted Knotweed,Polygonaceae,native,native,persicaria praetermissa,Not Assessed / No exact match,1.0,2016,65.0,2026-06-30T09:03:56
Persoonia juniperina,Prickly Geebung,Proteaceae,native,native,persoonia juniperina,Not Assessed / No exact match,0.0,,515.0,2026-08-06T14:22:33
Phalaris aquatica,Toowoomba Canary-grass,Poaceae,introduced,naturalised,phalaris aquatica,High Risk,13.0,2016,327.0,2026-08-06T13:45:06
Phalaris arundinacea,Reed Canary-grass,Poaceae,introduced,Not available,phalaris arundinacea,Not Assessed / No exact match,14.0,2022,13.0,2026-02-15T10:39:29
Phalaris arundinacea var. arundinacea,Reed Canary-grass,Poaceae,introduced,naturalised,phalaris arundinacea subsp arundinacea,Very High Risk,14.0,2022,13.0,2026-02-15T10:39:29
Phalaris canariensis,,Poaceae,introduced,naturalised,phalaris canariensis,Very High Risk,0.0,,2.0,2024-10-11T09:38:09
Phoenix canariensis,Canary Island Date-palm,Arecaceae,introduced,naturalised,phoenix canariensis,Very High Risk,0.0,,57.0,2026-08-01T11:48:07
Phragmites australis,Common Reed | Djarg,Poaceae,native,native,phragmites australis,Not Assessed / No exact match,15.0,2023,1273.0,2026-08-06T13:58:10
Phyllanthus hirtellus,Thyme Spurge,Phyllanthaceae,native,native,phyllanthus hirtellus,Not Assessed / No exact match,0.0,,0.0,
Phytolacca octandra,Red-ink Weed,Phytolaccaceae,introduced,naturalised,phytolacca octandra,High Risk,1.0,2021,717.0,2026-08-04T12:01:52
Pimelea humilis,Common Rice-flower,Thymelaeaceae,native,native,pimelea humilis,Not Assessed / No exact match,7.0,1987,1735.0,2026-08-05T16:35:30
Pimelea octophylla,Woolly Rice-flower,Thymelaeaceae,native,native,pimelea octophylla,Not Assessed / No exact match,0.0,,285.0,2026-06-06T13:17:48
Pimelea phylicoides,Heath Rice-flower,Thymelaeaceae,native,native,pimelea phylicoides,Not Assessed / No exact match,0.0,,25.0,2025-11-07T10:03:37
Pinus radiata,Radiata Pine | Monterey Pine | Insignis Pine,Pinaceae,introduced,naturalised,pinus radiata,Very High Risk,1.0,2022,161.0,2026-07-25T14:42:32
Pittosporum undulatum,Sweet Pittosporum,Pittosporaceae,native,native,pittosporum undulatum,Very High Risk,15.0,2023,2356.0,2026-08-08T15:51:49
Plantago coronopus,Buck's-horn Plantain,Plantaginaceae,introduced,Not available,plantago coronopus,Not Assessed / No exact match,6.0,2023,693.0,2026-08-05T16:01:12
Plantago coronopus subsp. coronopus,,Plantaginaceae,introduced,naturalised,plantago coronopus subsp coronopus,Moderately High Risk,6.0,2023,693.0,2026-08-05T16:01:12
Plantago gaudichaudii,Narrow Plantain,Plantaginaceae,native,native,plantago gaudichaudii,Not Assessed / No exact match,0.0,,143.0,2026-07-31T17:28:16
Plantago lanceolata,Ribwort,Plantaginaceae,introduced,naturalised,plantago lanceolata,Medium Risk,97.0,2024,2545.0,2026-08-04T17:42
Plantago major,Greater Plantain,Plantaginaceae,introduced,naturalised,plantago major,Medium Risk,6.0,2023,701.0,2026-07-16T07:56:49
Plantago varia,Variable Plantain,Plantaginaceae,native,native,plantago varia,Not Assessed / No exact match,1.0,1987,271.0,2026-08-01T14:35:39
Platylobium obtusangulum,Common Flat-pea,Fabaceae,native,native,platylobium obtusangulum,Not Assessed / No exact match,7.0,2023,1748.0,2026-08-09T10:17:14
Platysace heterophylla,,Apiaceae,native,native,platysace heterophylla,Not Assessed / No exact match,0.0,,188.0,2026-08-09T16:27:40
Platysace heterophylla var. heterophylla,Slender Platysace,Apiaceae,native,native,platysace heterophylla subsp heterophylla,Not Assessed / No exact match,0.0,,188.0,2026-08-09T16:27:40
Platysace lanceolata,Shrubby Platysace,Apiaceae,native,native,platysace lanceolata,Not Assessed / No exact match,1.0,1986,383.0,2026-08-02T16:17
Pleuridium nervosum,,Ditrichaceae,native,native,pleuridium nervosum,Not Assessed / No exact match,0.0,,6.0,2025-11-30T12:50
Poa annua,Annual Meadow-grass | Goose-grass | Winter-grass,Poaceae,introduced,naturalised,poa annua,Medium Risk,4.0,2023,208.0,2026-07-23T09:54:22
Poa bulbosa,,Poaceae,introduced,Not available,poa bulbosa,Not Assessed / No exact match,0.0,,13.0,2025-11-02T17:48:09
Poa bulbosa var. bulbosa,Bulbous Meadow-grass,Poaceae,introduced,naturalised,poa bulbosa subsp bulbosa,High Risk,0.0,,13.0,2025-11-02T17:48:09
Poa labillardierei,,Poaceae,native,native,poa labillardierei,Not Assessed / No exact match,14.0,2023,179.0,2026-08-06T15:03:51
Poa labillardierei var. labillardierei,,Poaceae,native,native,poa labillardierei subsp labillardierei,Not Assessed / No exact match,14.0,2023,179.0,2026-08-06T15:03:51
Poa morrisii,,Poaceae,native,native,poa morrisii,Not Assessed / No exact match,13.0,2023,51.0,2026-07-15T15:39:46
Poa pratensis,Kentucky Blue-grass | Smooth Meadow-grass,Poaceae,introduced,naturalised,poa pratensis,Moderately High Risk,1.0,1994,1.0,2025-10-25T08:55
Poa rodwayi,,Poaceae,native,native,poa rodwayi,Not Assessed / No exact match,0.0,,1.0,2024-09-06T10:41:53
Poa sieberiana,,Poaceae,native,native,poa sieberiana,Not Assessed / No exact match,0.0,,10.0,2026-02-12T14:51
Poa tenera,Slender Tussock-grass,Poaceae,native,native,poa tenera,Not Assessed / No exact match,1.0,1986,6.0,2025-08-16T13:09:18
Poa trivialis,Rough Meadow-grass,Poaceae,introduced,naturalised,poa trivialis,Lower Risk,0.0,,2.0,2025-10-15T10:39:59
Podolepis decipiens,,Asteraceae,native,native,podolepis decipiens,Not Assessed / No exact match,0.0,,71.0,2026-02-04T13:19:47
Podolepis jaceoides,Showy Podolepis,Asteraceae,native,native,podolepis jaceoides,Not Assessed / No exact match,0.0,,9.0,2023-11-26T18:52:22
Polycarpon tetraphyllum,Four-leaved Allseed,Caryophyllaceae,introduced,naturalised,polycarpon tetraphyllum,Moderately High Risk,0.0,,303.0,2026-07-06T23:25:39
Polygala virgata,Broom Milkwort,Polygalaceae,introduced,naturalised,polygala virgata,Medium Risk,0.0,,1.0,2021-04-25T11:02:38
Polygonum aviculare,Hogweed | Wireweed,Polygonaceae,introduced,naturalised,polygonum aviculare,High Risk,3.0,2023,112.0,2026-05-11T11:41:13
Polypogon monspeliensis,,Poaceae,introduced,naturalised,polypogon monspeliensis,High Risk,3.0,2005,157.0,2026-05-14T07:50:09
Polyscias sambucifolia,,Araliaceae,native,native,polyscias sambucifolia,Not Assessed / No exact match,0.0,,1143.0,2026-08-09T11:43:50
Polytrichum juniperinum,,Polytrichaceae,native,native,polytrichum juniperinum,Not Assessed / No exact match,0.0,,1019.0,2026-07-15T14:52
Pomaderris racemosa,,Rhamnaceae,native,native,pomaderris racemosa,Not Assessed / No exact match,0.0,,21.0,2024-10-03T17:28:08
Populus alba,White Poplar,Salicaceae,introduced,naturalised,populus alba,Medium Risk,0.0,,22.0,2026-05-13T16:59
Poranthera microphylla,Small Poranthera,Phyllanthaceae,native,native,poranthera microphylla,Not Assessed / No exact match,3.0,2023,1554.0,2026-07-12T12:22:47
Portulaca oleracea,Pigweed | Common Purslane,Portulacaceae,uncertain,Not available,portulaca oleracea,Lower Risk,2.0,2023,316.0,2026-07-14T15:58:21
Potamogeton crispus,Curly Pondweed,Potamogetonaceae,native,native,potamogeton crispus,Not Assessed / No exact match,12.0,2005,28.0,2026-06-01T09:22:38
Potentilla indica,Indian Strawberry,Rosaceae,introduced,naturalised,potentilla indica,Moderately High Risk,0.0,,488.0,2026-08-08T14:12:54
Prasophyllum elatum,Tall Leek-orchid,Orchidaceae,native,native,prasophyllum elatum,Not Assessed / No exact match,0.0,,122.0,2025-12-02T14:16:48
Prasophyllum frenchii,Swamp Leek-orchid,Orchidaceae,native,native,prasophyllum frenchii,Not Assessed / No exact match,0.0,,2.0,2024-10-29T14:35:27
Prasophyllum odoratum,Fragrant Leek-orchid | Pretty Leek-orchid,Orchidaceae,native,native,prasophyllum odoratum,Not Assessed / No exact match,0.0,,76.0,2025-12-08T13:35
Prostanthera lasianthos,Victorian Christmas Bush,Lamiaceae,native,native,prostanthera lasianthos,Not Assessed / No exact match,7.0,1986,1413.0,2026-08-08T17:13:48
Prunella vulgaris,Self-heal,Lamiaceae,introduced,naturalised,prunella vulgaris,Medium Risk,5.0,2023,1973.0,2026-08-07T15:38:09
Prunus cerasifera,Cherry-plum,Rosaceae,introduced,naturalised,prunus cerasifera,High Risk,3.0,1987,66.0,2026-04-03T17:28
Psoralea pinnata,Blue Psoralea,Fabaceae,introduced,naturalised,psoralea pinnata,Very High Risk,0.0,,24.0,2026-02-03T09:06:07
Pteridium esculentum,Bracken | Austral Bracken,Dennstaedtiaceae,native,native,pteridium esculentum,Not Assessed / No exact match,6.0,2023,4230.0,2026-08-09T12:11:55
Pteridium esculentum subsp. esculentum,,Dennstaedtiaceae,native,native,pteridium esculentum subsp esculentum,Not Assessed / No exact match,6.0,2023,4230.0,2026-08-09T12:11:55
Pterostylis melagramma,,Orchidaceae,native,native,pterostylis melagramma,Not Assessed / No exact match,0.0,,1986.0,2026-08-10T13:18:37
Pterostylis nutans,Nodding Greenhood,Orchidaceae,native,native,pterostylis nutans,Not Assessed / No exact match,1.0,2019,4513.0,2026-08-09T15:14
Pterostylis parviflora,Tiny Greenhood,Orchidaceae,native,native,pterostylis parviflora,Not Assessed / No exact match,0.0,,590.0,2026-07-04T15:35:43
Pterostylis pedoglossa,Prawn Greenhood,Orchidaceae,native,native,pterostylis pedoglossa,Not Assessed / No exact match,0.0,,12.0,2026-06-21T15:14
Pterostylis striata,,Orchidaceae,native,native,pterostylis striata,Not Assessed / No exact match,0.0,,144.0,2026-08-01T14:34:36
Pterostylis tasmanica,,Orchidaceae,native,native,pterostylis tasmanica,Not Assessed / No exact match,0.0,,24.0,2025-10-17T13:50
Pultenaea dentata,Clustered Bush-pea,Fabaceae,native,native,pultenaea dentata,Not Assessed / No exact match,0.0,,19.0,2025-11-30T16:01:44
Pultenaea sericea,Chaffy Bush-pea,Fabaceae,native,native,pultenaea sericea,Not Assessed / No exact match,0.0,,17.0,2025-10-20T11:10:36
Pultenaea stricta,Rigid Bush-pea,Fabaceae,native,native,pultenaea stricta,Not Assessed / No exact match,0.0,,51.0,2026-07-18T16:23:45
Pyrorchis nigricans,Red Beaks,Orchidaceae,native,native,pyrorchis nigricans,Not Assessed / No exact match,0.0,,971.0,2026-08-10T13:22:24
Quercus robur,English Oak,Fagaceae,introduced,naturalised,quercus robur,Medium Risk,66.0,2022,47.0,2026-05-02T15:48:41
Racopilum cuspidigerum,,Racopilaceae,native,native,racopilum cuspidigerum,Not Assessed / No exact match,0.0,,99.0,2026-07-26T10:50:53
Racopilum cuspidigerum var. convolutaceum,,Racopilaceae,native,native,racopilum cuspidigerum subsp convolutaceum,Not Assessed / No exact match,0.0,,99.0,2026-07-26T10:50:53
Ranunculus lappaceus,Australian Buttercup,Ranunculaceae,native,native,ranunculus lappaceus,Not Assessed / No exact match,0.0,,224.0,2026-07-10T16:13:43
Ranunculus muricatus,Sharp Buttercup,Ranunculaceae,introduced,naturalised,ranunculus muricatus,Moderately High Risk,0.0,,145.0,2025-12-06T19:42:05
Ranunculus repens,Creeping Buttercup,Ranunculaceae,introduced,naturalised,ranunculus repens,Very High Risk,94.0,2023,840.0,2026-07-24T12:33:25
Ranunculus sceleratus,,Ranunculaceae,introduced,Not available,ranunculus sceleratus,Not Assessed / No exact match,0.0,,49.0,2026-07-28T09:33:56
Ranunculus sceleratus subsp. sceleratus,Celery Buttercup,Ranunculaceae,introduced,naturalised,ranunculus sceleratus subsp sceleratus,Medium Risk,0.0,,49.0,2026-07-28T09:33:56
Raphanus raphanistrum,Wild Radish,Brassicaceae,introduced,naturalised,raphanus raphanistrum,Moderately High Risk,20.0,2022,417.0,2026-08-07T16:05:48
Raphanus sativus,Radish,Brassicaceae,introduced,naturalised,raphanus sativus,Lower Risk,1.0,1986,0.0,
Reseda lutea,Cut-leaf Mignonette,Resedaceae,introduced,naturalised,reseda lutea,Lower Risk,0.0,,0.0,
Rhagodia candolleana,,Chenopodiaceae,native,native,rhagodia candolleana,Not Assessed / No exact match,0.0,,1325.0,2026-08-06T14:26:49
Rhaphidorrhynchium amoenum,,Sematophyllaceae,native,native,rhaphidorrhynchium amoenum,Not Assessed / No exact match,0.0,,3.0,2023-08-20T13:07
Ricinocarpos pinifolius,Wedding Bush,Euphorbiaceae,native,native,ricinocarpos pinifolius,Not Assessed / No exact match,0.0,,628.0,2026-08-07T14:34:07
Romulea rosea,,Iridaceae,introduced,Not available,romulea rosea,Not Assessed / No exact match,8.0,2023,1203.0,2026-08-08T14:38
Romulea rosea var. australis,Onion-grass,Iridaceae,introduced,naturalised,romulea rosea subsp australis,Medium Risk,8.0,2023,1203.0,2026-08-08T14:38
Rorippa palustris,Marsh Yellow-cress | Yellow Marsh-cress,Brassicaceae,introduced,naturalised,rorippa palustris,High Risk,0.0,,95.0,2026-07-13T17:33:27
Rosa rubiginosa,Sweet Briar,Rosaceae,introduced,naturalised,rosa rubiginosa,High Risk,3.0,2022,184.0,2026-07-02T10:06:13
Rubus anglocandicans,,Rosaceae,introduced,naturalised,rubus anglocandicans,High Risk,112.0,2025,0.0,
Rubus leucostachys,,Rosaceae,introduced,naturalised,rubus leucostachys,High Risk,0.0,,0.0,
Rubus parvifolius,Small-leaf Bramble,Rosaceae,native,native,rubus parvifolius,Not Assessed / No exact match,2.0,2023,1684.0,2026-08-02T14:41:10
Rumex brownii,Slender Dock,Polygonaceae,native,native,rumex brownii,Not Assessed / No exact match,1.0,2016,60.0,2026-07-05T11:57:57
Rumex conglomeratus,Clustered Dock,Polygonaceae,introduced,naturalised,rumex conglomeratus,High Risk,6.0,2020,28.0,2026-02-04T11:13:13
Rumex crispus,Curled Dock,Polygonaceae,introduced,naturalised,rumex crispus,High Risk,6.0,2023,172.0,2026-05-25T08:30:06
Rumex obtusifolius,,Polygonaceae,introduced,Not available,rumex obtusifolius,Not Assessed / No exact match,10.0,2023,128.0,2026-05-17T14:28
Rumex obtusifolius subsp. obtusifolius,Broadleaf Dock,Polygonaceae,introduced,naturalised,rumex obtusifolius subsp obtusifolius,Medium Risk,10.0,2023,128.0,2026-05-17T14:28
Rumex pulcher,,Polygonaceae,introduced,Not available,rumex pulcher,Not Assessed / No exact match,1.0,1987,2.0,2025-06-24T11:06
Rumex pulcher subsp. pulcher,Fiddle Dock,Polygonaceae,introduced,naturalised,rumex pulcher subsp pulcher,Moderately High Risk,1.0,1987,2.0,2025-06-24T11:06
Rytidosperma bipartitum,,Poaceae,native,native,rytidosperma bipartitum,Not Assessed / No exact match,1.0,1987,10.0,2026-01-16T12:32
Rytidosperma caespitosum,Common Wallaby-grass,Poaceae,native,native,rytidosperma caespitosum,Not Assessed / No exact match,3.0,2005,49.0,2026-05-13T16:59:20
Rytidosperma erianthum,,Poaceae,native,native,rytidosperma erianthum,Not Assessed / No exact match,1.0,1987,14.0,2025-03-04T16:31:26
Rytidosperma fulvum,,Poaceae,native,native,rytidosperma fulvum,Not Assessed / No exact match,2.0,2023,52.0,2026-04-27T14:47:18
Rytidosperma geniculatum,Kneed Wallaby-grass,Poaceae,native,native,rytidosperma geniculatum,Not Assessed / No exact match,4.0,2023,154.0,2026-04-26T16:54:03
Rytidosperma laeve,,Poaceae,native,native,rytidosperma laeve,Not Assessed / No exact match,3.0,1991,19.0,2026-03-14T16:36:15
Rytidosperma pallidum,Silvertop Wallaby-grass,Poaceae,native,native,rytidosperma pallidum,Not Assessed / No exact match,4.0,1987,409.0,2026-07-25T12:47:30
Rytidosperma penicillatum,Slender Wallaby-grass,Poaceae,native,native,rytidosperma penicillatum,Not Assessed / No exact match,2.0,1987,9.0,2026-02-17T09:00
Rytidosperma pilosum,Velvet Wallaby-grass,Poaceae,native,native,rytidosperma pilosum,Not Assessed / No exact match,3.0,2023,13.0,2026-02-20T10:31
Rytidosperma racemosum,,Poaceae,native,native,rytidosperma racemosum,Not Assessed / No exact match,4.0,2023,138.0,2026-06-23T13:20:49
Rytidosperma racemosum var. racemosum,,Poaceae,native,native,rytidosperma racemosum subsp racemosum,Not Assessed / No exact match,4.0,2023,138.0,2026-06-23T13:20:49
Rytidosperma semiannulare,,Poaceae,native,native,rytidosperma semiannulare,Not Assessed / No exact match,0.0,,7.0,2026-01-17T21:07
Rytidosperma setaceum,Bristly Wallaby-grass,Poaceae,native,native,rytidosperma setaceum,Not Assessed / No exact match,7.0,2023,114.0,2026-05-23T13:57
Rytidosperma tenuius,,Poaceae,native,native,rytidosperma tenuius,Not Assessed / No exact match,2.0,1987,14.0,2026-05-04T15:08:28
Salix babylonica,Weeping Willow,Salicaceae,introduced,naturalised,salix babylonica,Very High Risk,0.0,,27.0,2026-05-29T12:36:29
Salix cinerea,,Salicaceae,introduced,Not available,salix cinerea,Not Assessed / No exact match,0.0,,12.0,2026-03-31T16:12:09
Salix ×pendulina,Weeping Willow,Salicaceae,introduced,naturalised,salix pendulina,Not Assessed / No exact match,0.0,,0.0,
Salpichroa origanifolia,Pampas Lily-of-the-Valley,Solanaceae,introduced,naturalised,salpichroa origanifolia,Moderately High Risk,4.0,2023,248.0,2026-07-26T15:54:37
Salvinia molesta,Salvinia,Salviniaceae,introduced,adventive,salvinia molesta,Very High Risk,0.0,,0.0,
Schenkia australis,,Gentianaceae,native,native,schenkia australis,Not Assessed / No exact match,0.0,,0.0,
Schizaea bifida,Forked Comb-fern,Schizaeaceae,native,native,schizaea bifida,Not Assessed / No exact match,0.0,,64.0,2026-04-01T11:01
Schizaea fistulosa,Narrow Comb-fern,Schizaeaceae,native,native,schizaea fistulosa,Not Assessed / No exact match,0.0,,11.0,2025-02-06T11:37:12
Schoenoplectus tabernaemontani,,Cyperaceae,native,native,schoenoplectus tabernaemontani,Not Assessed / No exact match,1.0,2005,143.0,2026-07-12T13:55:30
Schoenus apogon,Common Bog-rush,Cyperaceae,native,native,schoenus apogon,Not Assessed / No exact match,7.0,2023,114.0,2026-08-08T10:28:11
Schoenus brevifolius,,Cyperaceae,native,native,schoenus brevifolius,Not Assessed / No exact match,0.0,,9.0,2026-02-11T11:31:37
Schoenus lepidosperma,,Cyperaceae,native,native,schoenus lepidosperma,Not Assessed / No exact match,0.0,,2.0,2023-08-27T12:14
Schoenus lepidosperma subsp. lepidosperma,,Cyperaceae,native,native,schoenus lepidosperma subsp lepidosperma,Not Assessed / No exact match,0.0,,2.0,2023-08-27T12:14
Scorpiurium cucullatum,,Brachytheciaceae,native,native,scorpiurium cucullatum,Not Assessed / No exact match,0.0,,0.0,
Sebaea ovata,Yellow Sebaea,Gentianaceae,native,native,sebaea ovata,Not Assessed / No exact match,0.0,,27.0,2025-12-04T09:33:48
Selaginella uliginosa,Swamp Selaginella,Selaginellaceae,native,native,selaginella uliginosa,Not Assessed / No exact match,0.0,,273.0,2026-08-02T17:39
Senecio glomeratus,,Asteraceae,native,native,senecio glomeratus,Not Assessed / No exact match,3.0,2023,339.0,2026-08-02T15:38
Senecio glomeratus subsp. glomeratus,,Asteraceae,native,native,senecio glomeratus subsp glomeratus,Not Assessed / No exact match,3.0,2023,339.0,2026-08-02T15:38
Senecio hispidulus,Rough Fireweed | Hill Fireweed | Hispid Fireweed,Asteraceae,native,native,senecio hispidulus,Not Assessed / No exact match,1.0,2023,447.0,2026-08-08T15:14:53
Senecio jacobaea,Ragwort,Asteraceae,introduced,naturalised,senecio jacobaea,Moderately High Risk,1.0,2005,0.0,
Senecio minimus,,Asteraceae,native,native,senecio minimus,Not Assessed / No exact match,2.0,2023,581.0,2026-08-08T15:12:58
Senecio pinnatifolius,Variable Groundsel,Asteraceae,native,native,senecio pinnatifolius,Not Assessed / No exact match,0.0,,273.0,2026-07-30T08:00:11
Senecio pinnatifolius var. lanceolatus,,Asteraceae,native,native,senecio pinnatifolius subsp lanceolatus,Not Assessed / No exact match,0.0,,273.0,2026-07-30T08:00:11
Senecio quadridentatus,Cottony Fireweed,Asteraceae,native,native,senecio quadridentatus,Not Assessed / No exact match,6.0,2023,1212.0,2026-08-07T09:26:37
Senecio vulgaris,Common Groundsel,Asteraceae,introduced,naturalised,senecio vulgaris,Medium Risk,0.0,,128.0,2026-08-01T16:14:51
Setaria italica,Italian Millet,Poaceae,introduced,naturalised,setaria italica,Lower Risk,2.0,2017,3.0,2026-03-09T11:28:33
Setaria parviflora,Slender Pigeon-grass,Poaceae,introduced,naturalised,setaria parviflora,High Risk,1.0,1994,104.0,2026-06-28T14:38
Setaria pumila,Pale pigeon-grass,Poaceae,introduced,naturalised,setaria pumila,Medium Risk,0.0,,12.0,2026-04-04T18:55:57
Silene gallica,,Caryophyllaceae,introduced,Not available,silene gallica,Not Assessed / No exact match,0.0,,187.0,2026-05-17T11:26
Silene gallica var. quinquevulnera,Spotted Catchfly | Five-wounded Catchfly,Caryophyllaceae,introduced,naturalised,silene gallica subsp quinquevulnera,Medium Risk,0.0,,187.0,2026-05-17T11:26
Silene longicaulis,Portuguese Catchfly,Caryophyllaceae,introduced,naturalised,silene longicaulis,High Risk,0.0,,0.0,
Sisyrinchium micranthum,Blue Pigroot,Iridaceae,introduced,naturalised,sisyrinchium micranthum,Medium Risk,2.0,1987,794.0,2026-05-14T13:51:13
Solanum americanum,Glossy Nightshade,Solanaceae,introduced,naturalised,solanum americanum,Moderately High Risk,3.0,2005,89.0,2026-07-14T15:56:56
Solanum aviculare,Kangaroo Apple,Solanaceae,native,native,solanum aviculare,Not Assessed / No exact match,4.0,2023,419.0,2026-07-10T12:49
Solanum laciniatum,Large Kangaroo-apple,Solanaceae,native,native,solanum laciniatum,Not Assessed / No exact match,4.0,2023,1193.0,2026-07-31T12:31:03
Solanum lycopersicum,Tomato,Solanaceae,introduced,adventive,solanum lycopersicum,Lower Risk,0.0,,46.0,2026-07-31T08:20:55
Solanum mauritianum,Tobacco-bush,Solanaceae,introduced,naturalised,solanum mauritianum,Moderately High Risk,3.0,2022,550.0,2026-08-06T10:33:34
Solanum nigrum,Black Nightshade,Solanaceae,introduced,naturalised,solanum nigrum,Medium Risk,8.0,2023,945.0,2026-08-08T16:27
Solanum pseudocapsicum,Madeira Winter-cherry,Solanaceae,introduced,naturalised,solanum pseudocapsicum,High Risk,113.0,2022,491.0,2026-08-08T16:33:34
Solenogyne dominii,,Asteraceae,native,native,solenogyne dominii,Not Assessed / No exact match,3.0,1991,232.0,2026-08-06T16:21:54
Solenogyne gunnii,,Asteraceae,native,native,solenogyne gunnii,Not Assessed / No exact match,0.0,,39.0,2026-06-28T14:54:30
Soliva sessilis,Jo Jo | Bindyi,Asteraceae,introduced,naturalised,soliva sessilis,Medium Risk,0.0,,60.0,2025-12-09T11:27
Sonchus asper,Rough Sow-thistle | Prickly Sow-thistle,Asteraceae,introduced,Not available,sonchus asper,Not Assessed / No exact match,11.0,2023,652.0,2026-07-11T10:57
Sonchus asper subsp. asper,,Asteraceae,introduced,naturalised,sonchus asper subsp asper,Moderately High Risk,11.0,2023,652.0,2026-07-11T10:57
Sonchus oleraceus,Sow Thistle,Asteraceae,introduced,naturalised,sonchus oleraceus,Moderately High Risk,7.0,2024,1353.0,2026-08-10T13:13:55
Spergula arvensis,Corn Spurrey,Caryophyllaceae,introduced,naturalised,spergula arvensis,Medium Risk,0.0,,5.0,2026-06-26T09:07:41
Spergularia bocconei,,Caryophyllaceae,introduced,naturalised,spergularia bocconei,Medium Risk,0.0,,0.0,
Sphaerolobium minus,Globe-pea,Fabaceae,native,native,sphaerolobium minus,Not Assessed / No exact match,0.0,,379.0,2025-12-26T15:01:55
Sphaerolobium vimineum,Leafless Globe-pea,Fabaceae,native,native,sphaerolobium vimineum,Not Assessed / No exact match,0.0,,24.0,2025-12-13T15:52:07
Spirodela punctata,Thin Duckweed,Araceae,native,native,spirodela punctata,Not Assessed / No exact match,0.0,,0.0,
Sporobolus africanus,Rat-tail Grass,Poaceae,introduced,naturalised,sporobolus africanus,High Risk,6.0,2025,179.0,2026-07-16T12:17:48
Sprengelia incarnata,Pink Swamp-heath,Ericaceae,native,native,sprengelia incarnata,Not Assessed / No exact match,0.0,,102.0,2026-06-01T15:44:43
Spyridium parvifolium,Dusty Miller,Rhamnaceae,native,native,spyridium parvifolium,Not Assessed / No exact match,3.0,2023,2118.0,2026-08-09T14:38:18
Stachys arvensis,Stagger Weed,Lamiaceae,introduced,naturalised,stachys arvensis,Medium Risk,1.0,2011,122.0,2026-08-02T14:52
Stackhousia monogyna,Creamy Candles,Celastraceae,native,native,stackhousia monogyna,Not Assessed / No exact match,1.0,1986,1505.0,2026-08-05T16:33
Stellaria media,Chickweed,Caryophyllaceae,introduced,naturalised,stellaria media,Moderately High Risk,2.0,2023,335.0,2026-08-08T11:57
Stenotaphrum secundatum,Buffalo Grass,Poaceae,introduced,naturalised,stenotaphrum secundatum,High Risk,0.0,,148.0,2026-08-05T15:35:13
Stylidium armeria,,Stylidiaceae,native,native,stylidium armeria,Not Assessed / No exact match,0.0,,673.0,2026-08-07T11:36:45
Stylidium armeria subsp. armeria,,Stylidiaceae,native,native,stylidium armeria subsp armeria,Not Assessed / No exact match,0.0,,673.0,2026-08-07T11:36:45
Stylidium despectum,Small Triggerplant,Stylidiaceae,native,native,stylidium despectum,Not Assessed / No exact match,0.0,,116.0,2026-01-10T10:14:54
Stylidium graminifolium,Grass Triggerplant,Stylidiaceae,native,native,stylidium graminifolium,Not Assessed / No exact match,3.0,1986,742.0,2026-05-18T12:46:27
Stylidium perpusillum,Slender Triggerplant,Stylidiaceae,native,native,stylidium perpusillum,Not Assessed / No exact match,0.0,,31.0,2025-12-02T19:35
Styphelia humifusa,Cranberry Heath,Ericaceae,native,native,styphelia humifusa,Not Assessed / No exact match,0.0,,1671.0,2026-08-10T11:43:01
Symphyotrichum subulatum,Aster-weed,Asteraceae,introduced,naturalised,symphyotrichum subulatum,Moderately High Risk,3.0,2023,94.0,2026-06-23T15:12:38
Syzygium smithii,,Myrtaceae,native,native,syzygium smithii,Medium Risk,2.0,2022,129.0,2026-06-13T14:58:59
Tayloria octoblepharum,,Splachnaceae,native,native,tayloria octoblepharum,Not Assessed / No exact match,0.0,,36.0,2026-08-01T11:33
Tetratheca ciliata,Pink-bells,Elaeocarpaceae,native,native,tetratheca ciliata,Not Assessed / No exact match,0.0,,2136.0,2026-08-09T14:57:58
Thelionema caespitosum,Tufted Blue Lily,Asphodelaceae,native,native,thelionema caespitosum,Not Assessed / No exact match,0.0,,412.0,2026-01-11T12:12
Thelymitra antennifera,Rabbit-ears,Orchidaceae,native,native,thelymitra antennifera,Not Assessed / No exact match,0.0,,820.0,2025-11-26T14:11
Thelymitra flexuosa,Twisted Sun-orchid,Orchidaceae,native,native,thelymitra flexuosa,Not Assessed / No exact match,0.0,,103.0,2025-11-29T12:25
Thelymitra ixioides,Dotted Sun-orchid | Spotted Sun-orchid,Orchidaceae,native,native,thelymitra ixioides,Not Assessed / No exact match,0.0,,1128.0,2025-11-22T12:30:43
Thelymitra pauciflora,,Orchidaceae,native,native,thelymitra pauciflora,Not Assessed / No exact match,2.0,2023,88.0,2025-10-24T11:10:06
Thelymitra rubra,Salmon Sun-orchid,Orchidaceae,native,native,thelymitra rubra,Not Assessed / No exact match,0.0,,703.0,2025-11-06T15:13:30
Themeda triandra,Kangaroo Grass,Poaceae,native,native,themeda triandra,Not Assessed / No exact match,15.0,2023,3052.0,2026-08-08T11:47:01
Thesium australe,Austral Toad-flax,Santalaceae,native,native,thesium australe,Not Assessed / No exact match,0.0,,3.0,2026-01-05T14:14
Thuidiopsis furfurosa,,Thuidiaceae,native,native,thuidiopsis furfurosa,Not Assessed / No exact match,1.0,1991,10.0,2023-11-19T12:51
Thysanotus patersonii,Twining Fringe Lily,Asparagaceae,native,native,thysanotus patersonii,Not Assessed / No exact match,0.0,,1941.0,2026-08-06T11:02:38
Thysanotus tuberosus,Common Fringe Lily,Asparagaceae,native,native,thysanotus tuberosus,Not Assessed / No exact match,0.0,,1209.0,2026-02-09T09:30:09
Thysanotus tuberosus subsp. tuberosus,,Asparagaceae,native,native,thysanotus tuberosus subsp tuberosus,Not Assessed / No exact match,0.0,,1209.0,2026-02-09T09:30:09
Todea barbara,Austral King-fern,Osmundaceae,native,native,todea barbara,Not Assessed / No exact match,0.0,,341.0,2026-08-09T11:15:39
Tortula truncata,,Pottiaceae,introduced,naturalised,tortula truncata,Not Assessed / No exact match,0.0,,7.0,2024-06-20T12:37
Trachymene composita,,Araliaceae,native,native,trachymene composita,Not Assessed / No exact match,0.0,,417.0,2026-08-07T13:24
Trachymene composita var. composita,,Araliaceae,native,native,trachymene composita subsp composita,Not Assessed / No exact match,0.0,,417.0,2026-08-07T13:24
Trachymene pilosa,Dwarf Trachymene,Araliaceae,native,native,trachymene pilosa,Not Assessed / No exact match,0.0,,20.0,2025-11-04T11:37
Tradescantia fluminensis,Wandering Trad | Wandering Creeper | Wandering Jew,Commelinaceae,introduced,naturalised,tradescantia fluminensis,Very High Risk,142.0,2024,1264.0,2026-08-06T13:59:21
Tribolium obliterum,Capetown Grass,Poaceae,introduced,naturalised,tribolium obliterum,Moderately High Risk,0.0,,3.0,2025-11-13T11:38:11
Tricoryne elatior,Yellow Rush Lily,Asphodelaceae,native,native,tricoryne elatior,Not Assessed / No exact match,11.0,2023,1813.0,2026-07-19T13:50:31
Trifolium angustifolium,,Fabaceae,introduced,Not available,trifolium angustifolium,Not Assessed / No exact match,1.0,1987,384.0,2026-07-14T15:21:58
Trifolium angustifolium var. angustifolium,Narrow-leaved Clover,Fabaceae,introduced,naturalised,trifolium angustifolium subsp angustifolium,Medium Risk,1.0,1987,384.0,2026-07-14T15:21:58
Trifolium cernuum,Drooping-flower Clover,Fabaceae,introduced,naturalised,trifolium cernuum,High Risk,0.0,,1.0,2024-11-18T14:41
Trifolium dubium,Suckling Clover,Fabaceae,introduced,naturalised,trifolium dubium,Moderately High Risk,1.0,1987,325.0,2026-01-02T09:27:48
Trifolium fragiferum,,Fabaceae,introduced,Not available,trifolium fragiferum,Not Assessed / No exact match,3.0,2023,91.0,2026-04-27T16:57
Trifolium fragiferum var. fragiferum,Strawberry Clover,Fabaceae,introduced,naturalised,trifolium fragiferum subsp fragiferum,Moderately High Risk,3.0,2023,91.0,2026-04-27T16:57
Trifolium glomeratum,Clustered Clover,Fabaceae,introduced,naturalised,trifolium glomeratum,Moderately High Risk,2.0,2020,81.0,2026-04-01T19:03:07
Trifolium incarnatum,,Fabaceae,introduced,Not available,trifolium incarnatum,Not Assessed / No exact match,0.0,,10.0,2025-12-16T20:25:10
Trifolium michelianum,,Fabaceae,introduced,Not available,trifolium michelianum,Not Assessed / No exact match,0.0,,3.0,2024-09-27T11:23
Trifolium michelianum var. michelianum,Annual White Clover,Fabaceae,introduced,naturalised,trifolium michelianum subsp michelianum,Lower Risk,0.0,,3.0,2024-09-27T11:23
Trifolium pratense,Red Clover,Fabaceae,introduced,naturalised,trifolium pratense,Medium Risk,1.0,2012,52.0,2026-03-13T12:34
Trifolium repens,,Fabaceae,introduced,Not available,trifolium repens,Not Assessed / No exact match,16.0,2024,1948.0,2026-08-09T16:39:12
Trifolium repens var. repens,White Clover,Fabaceae,introduced,naturalised,trifolium repens subsp repens,High Risk,16.0,2024,1948.0,2026-08-09T16:39:12
Trifolium resupinatum,Shaftal Clover,Fabaceae,introduced,Not available,trifolium resupinatum,Not Assessed / No exact match,0.0,,26.0,2025-12-25T17:38:41
Trifolium striatum,Knotted Clover,Fabaceae,introduced,naturalised,trifolium striatum,High Risk,0.0,,15.0,2025-11-21T08:41:55
Trifolium subterraneum,Subterranean Clover,Fabaceae,introduced,naturalised,trifolium subterraneum,High Risk,0.0,,256.0,2026-07-07T15:34:48
Trifolium vesiculosum,,Fabaceae,introduced,Not available,trifolium vesiculosum,Not Assessed / No exact match,0.0,,0.0,
Trifolium vesiculosum var. vesiculosum,Arrowleaf Clover,Fabaceae,introduced,naturalised,trifolium vesiculosum subsp vesiculosum,Very High Risk,0.0,,0.0,
Triglochin striata,,Juncaginaceae,native,native,triglochin striata,Not Assessed / No exact match,2.0,1994,144.0,2026-06-10T12:20:21
Typha domingensis,Narrowleaf Cumbungi | Gumbung,Typhaceae,native,native,typha domingensis,Not Assessed / No exact match,2.0,2023,36.0,2026-07-27T08:15:08
Typha latifolia,Lesser Reed-mace,Typhaceae,introduced,naturalised,typha latifolia,Very High Risk,2.0,2022,14.0,2026-02-25T12:33:15
Typha orientalis,Broadleaf Cumbungi,Typhaceae,native,native,typha orientalis,Not Assessed / No exact match,1.0,1994,22.0,2026-04-18T08:08
Ulex europaeus,Gorse | Furze,Fabaceae,introduced,naturalised,ulex europaeus,High Risk,15.0,2023,1173.0,2026-08-08T15:17
Urtica urens,Small Nettle,Urticaceae,introduced,naturalised,urtica urens,Moderately High Risk,0.0,,271.0,2026-08-07T13:46
Utricularia dichotoma,Fairies' Aprons | Purple Bladderwort,Lentibulariaceae,native,native,utricularia dichotoma,Not Assessed / No exact match,0.0,,150.0,2026-07-16T13:39:22
Utricularia lateriflora,Tiny Bladderwort,Lentibulariaceae,native,native,utricularia lateriflora,Not Assessed / No exact match,0.0,,64.0,2026-02-23T16:57
Utricularia tenella,Pink Bladderwort,Lentibulariaceae,native,native,utricularia tenella,Not Assessed / No exact match,0.0,,77.0,2025-11-24T10:28
Vellereophyton dealbatum,White Cudweed,Asteraceae,introduced,naturalised,vellereophyton dealbatum,Moderately High Risk,0.0,,149.0,2026-05-01T14:15
Veronica arvensis,Wall Speedwell,Plantaginaceae,introduced,naturalised,veronica arvensis,Moderately High Risk,1.0,2023,172.0,2026-05-06T12:54
Veronica calycina,Hairy Speedwell,Plantaginaceae,native,native,veronica calycina,Not Assessed / No exact match,0.0,,364.0,2026-07-25T13:05:47
Veronica gracilis,Slender Speedwell,Plantaginaceae,native,native,veronica gracilis,Not Assessed / No exact match,3.0,2023,757.0,2026-07-03T15:55:48
Veronica persica,Creeping Speedwell,Plantaginaceae,introduced,naturalised,veronica persica,Medium Risk,0.0,,473.0,2026-08-06T13:41
Veronica plebeia,Trailing Speedwell,Plantaginaceae,native,native,veronica plebeia,Not Assessed / No exact match,0.0,,482.0,2026-07-22T13:29:06
Veronica serpyllifolia,Thyme Speedwell,Plantaginaceae,uncertain,Not available,veronica serpyllifolia,Lower Risk,0.0,,49.0,2026-03-24T09:57:33
Viburnum tinus,Laurestinus,Caprifoliaceae,introduced,naturalised,viburnum tinus,Medium Risk,2.0,2022,158.0,2026-08-01T17:13:54
Vicia hirsuta,Tiny Vetch,Fabaceae,introduced,naturalised,vicia hirsuta,High Risk,0.0,,124.0,2026-07-03T13:30
Vicia sativa,Common Vetch,Fabaceae,introduced,Not available,vicia sativa,Not Assessed / No exact match,3.0,2023,846.0,2026-08-09T16:31:11
Vicia sativa subsp. sativa,,Fabaceae,introduced,naturalised,vicia sativa subsp sativa,Medium Risk,3.0,2023,846.0,2026-08-09T16:31:11
Vicia tetrasperma,Slender Vetch,Fabaceae,introduced,naturalised,vicia tetrasperma,High Risk,0.0,,8.0,2025-12-07T12:02:09
Viminaria juncea,Golden Spray,Fabaceae,native,native,viminaria juncea,Not Assessed / No exact match,3.0,2023,339.0,2026-07-22T11:47:56
Viola hederacea,Ivy-leaved Violet,Violaceae,native,native,viola hederacea,Not Assessed / No exact match,3.0,1987,1545.0,2026-07-29T13:12:46
Viola odorata,Common Violet | Sweet Violet,Violaceae,introduced,naturalised,viola odorata,Very High Risk,2.0,2023,433.0,2026-08-10T11:25:10
Vulpia bromoides,Squirrel-tail Fescue,Poaceae,introduced,naturalised,vulpia bromoides,Moderately High Risk,5.0,2023,0.0,
Vulpia myuros,Rat's-tail Fescue,Poaceae,introduced,Not available,vulpia myuros,Not Assessed / No exact match,0.0,,0.0,
Vulpia myuros f. myuros,,Poaceae,introduced,naturalised,vulpia myuros subsp myuros,Moderately High Risk,0.0,,0.0,
Wahlenbergia gracilis,Sprawling Bluebell,Campanulaceae,native,native,wahlenbergia gracilis,Not Assessed / No exact match,0.0,,130.0,2026-05-02T15:43:43
Wahlenbergia gymnoclada,Naked Bluebell,Campanulaceae,native,native,wahlenbergia gymnoclada,Not Assessed / No exact match,0.0,,18.0,2025-12-23T14:12:27
Wahlenbergia multicaulis,,Campanulaceae,native,native,wahlenbergia multicaulis,Not Assessed / No exact match,0.0,,8.0,2025-11-15T14:28:37
Wahlenbergia stricta,,Campanulaceae,native,native,wahlenbergia stricta,Not Assessed / No exact match,1.0,2005,165.0,2026-05-23T12:57
Wahlenbergia stricta subsp. stricta,Tall Bluebell,Campanulaceae,native,native,wahlenbergia stricta subsp stricta,Not Assessed / No exact match,1.0,2005,165.0,2026-05-23T12:57
Watsonia meriana,,Iridaceae,introduced,naturalised,watsonia meriana,Not Assessed / No exact match,3.0,2023,231.0,2026-07-21T10:59:21
Watsonia meriana var. bulbillifera,,Iridaceae,introduced,naturalised,watsonia meriana subsp bulbillifera,Very High Risk,3.0,2023,231.0,2026-07-21T10:59:21
Wurmbea dioica,,Colchicaceae,native,native,wurmbea dioica,Not Assessed / No exact match,1.0,1991,2082.0,2026-08-09T17:03:42
Wurmbea dioica subsp. dioica,Early Nancy,Colchicaceae,native,native,wurmbea dioica subsp dioica,Not Assessed / No exact match,1.0,1991,2082.0,2026-08-09T17:03:42
Xanthorrhoea minor,,Asphodelaceae,native,native,xanthorrhoea minor,Not Assessed / No exact match,3.0,2023,1683.0,2026-07-12T10:52:43
Xanthorrhoea minor subsp. lutea,Small Grass-tree | Toolimerin,Asphodelaceae,native,native,xanthorrhoea minor subsp lutea,Not Assessed / No exact match,3.0,2023,1683.0,2026-07-12T10:52:43
Xanthosia dissecta,Cut-leaved Xanthosia,Apiaceae,native,native,xanthosia dissecta,Not Assessed / No exact match,1.0,1986,305.0,2026-08-08T12:24:57
Xyris gracilis,Slender Yellow-eye,Xyridaceae,native,native,xyris gracilis,Not Assessed / No exact match,0.0,,10.0,2024-02-13T12:43
Zantedeschia aethiopica,White Arum-lily,Araceae,introduced,naturalised,zantedeschia aethiopica,Very High Risk,18.0,2023,733.0,2026-08-09T15:32
